flight_id,flight_date,airline_code,flight_number,origin_airport,destination_airport,scheduled_departure,actual_departure,departure_delay,scheduled_arrival,actual_arrival,arrival_delay,distance,cancelled,cancellation_reason
1,2024-01-01,NK,3127,OMA,SFO,09:45,09:45,0,15:16,15:14,-2,2578,0,
2,2024-01-01,AS,9486,CVG,OKC,05:30,05:30,0,07:23,07:22,-1,917,0,
3,2024-01-01,SY,5195,CLE,TUS,08:30,08:23,-7,09:30,09:27,-3,569,0,
4,2024-01-01,HA,9098,TPA,BNA,20:15,22:43,148,00:34,03:06,152,2071,0,
5,2024-01-01,B6,1938,DEN,CVG,06:15,06:15,0,10:19,10:12,-7,1965,0,
6,2024-01-01,MX,1589,CVG,MCI,21:45,21:58,13,00:22,00:26,4,1238,0,
7,2024-01-01,SY,456,SLC,OKC,17:30,17:44,14,22:30,22:45,15,2422,0,
8,2024-01-01,G4,7834,DFW,JFK,06:30,06:57,27,09:23,09:52,29,1422,0,
9,2024-01-01,YX,1414,PDX,HNL,22:15,22:07,-8,23:48,23:34,-14,741,0,
10,2024-01-01,WN,4988,ATL,ORD,19:45,19:45,0,20:45,20:43,-2,302,0,
11,2024-01-01,YX,627,TUS,SEA,18:00,18:04,4,22:00,21:55,-5,1891,0,
12,2024-01-01,AA,3939,HNL,OAK,22:15,22:13,-2,00:51,00:57,6,1161,0,
13,2024-01-01,HA,3981,RIC,MDW,14:15,14:15,0,16:49,16:57,8,1216,0,
14,2024-01-01,YX,7099,MSP,JAX,22:45,23:23,38,04:37,05:18,41,2767,0,
15,2024-01-01,AS,8913,PDX,MSP,20:15,20:45,30,21:15,21:48,33,361,0,
16,2024-01-01,G4,6463,SMF,LAS,12:30,12:21,-9,14:18,14:16,-2,971,0,
17,2024-01-01,WN,6279,DFW,IAD,06:00,06:00,0,07:00,07:00,0,279,0,
18,2024-01-01,YX,3213,ATL,PHL,08:45,09:16,31,10:11,10:39,28,583,0,
19,2024-01-01,QX,7739,IAD,HNL,22:30,00:17,107,23:59,01:51,112,810,0,
20,2024-01-01,B6,5226,DTW,PDX,18:00,18:00,0,19:20,19:28,8,535,0,
21,2024-01-01,NK,3314,IAD,MCO,15:15,15:22,7,16:15,16:27,12,333,0,
22,2024-01-01,SY,7650,OKC,MCI,10:30,10:33,3,11:30,11:24,-6,415,0,
23,2024-01-01,OH,894,DEN,RIC,05:45,06:41,56,06:51,07:53,62,603,0,
24,2024-01-01,AA,8016,SAT,JAX,20:00,20:00,0,23:43,23:41,-2,1723,0,
25,2024-01-01,AS,7154,LAX,SMF,10:00,10:00,0,13:40,13:38,-2,1754,0,
26,2024-01-01,AS,6212,HNL,JFK,17:45,17:45,0,21:30,21:40,10,1760,0,
27,2024-01-01,DL,6279,HNL,PDX,22:45,22:45,0,01:50,01:50,0,1446,0,
28,2024-01-01,OH,797,SFO,SJC,12:15,12:30,15,15:27,15:34,7,1428,0,
29,2024-01-01,AS,639,SJC,CVG,10:30,10:59,29,15:38,15:59,21,2356,0,
30,2024-01-02,WN,8956,IND,PDX,15:45,15:58,13,16:45,16:51,6,221,0,
31,2024-01-02,OH,9858,DEN,SAN,17:30,17:31,1,19:58,20:01,3,1174,0,
32,2024-01-02,SY,6327,CVG,RIC,07:30,07:30,0,08:30,08:40,10,381,0,
33,2024-01-02,NK,1845,MDW,PDX,07:00,07:00,0,09:54,09:57,3,1472,0,
34,2024-01-02,G4,1792,CLE,STL,05:00,,,06:11,,,479,1,B
35,2024-01-02,NK,9267,JFK,OKC,12:15,12:15,0,13:15,13:09,-6,405,0,
36,2024-01-02,NK,5011,BWI,BNA,20:00,20:06,6,22:19,22:18,-1,1124,0,
37,2024-01-02,AA,6324,HNL,IAH,15:45,15:45,0,17:25,17:21,-4,772,0,
38,2024-01-02,UA,4875,HNL,MDW,20:15,20:15,0,21:30,21:38,8,677,0,
39,2024-01-02,UA,540,RIC,PIT,19:15,19:49,34,23:07,23:46,39,1810,0,
40,2024-01-02,AS,2625,LGA,BWI,18:45,18:47,2,23:20,23:25,5,2197,0,
41,2024-01-02,QX,8896,TPA,ABQ,07:00,07:00,0,08:00,08:08,8,400,0,
42,2024-01-02,SY,5532,JAX,HNL,18:00,18:01,1,19:33,19:42,9,728,0,
43,2024-01-02,WN,6508,AUS,TPA,19:15,19:15,0,20:15,20:09,-6,474,0,
44,2024-01-02,B6,8637,OAK,DTW,20:30,,,00:20,,,1957,1,B
45,2024-01-02,SY,2792,SFO,BUF,12:15,12:24,9,17:07,17:18,11,2402,0,
46,2024-01-02,UA,7180,MKE,RIC,17:00,17:12,12,21:34,21:36,2,2223,0,
47,2024-01-02,WN,1125,BWI,TUS,23:00,23:00,0,00:33,00:31,-2,843,0,
48,2024-01-02,F9,5234,SMF,JAX,17:45,18:08,23,20:48,21:10,22,1550,0,
49,2024-01-02,HA,2294,JFK,BUF,15:00,15:00,0,16:00,16:02,2,449,0,
50,2024-01-02,UA,7031,IND,PDX,10:45,10:56,11,11:45,11:50,5,221,0,
51,2024-01-02,OH,978,AUS,MKE,16:00,15:56,-4,19:31,19:32,1,1648,0,
52,2024-01-02,F9,7372,STL,TUS,20:15,20:15,0,01:33,01:40,7,2611,0,
53,2024-01-02,QX,8215,OAK,CVG,22:00,22:23,23,23:13,23:27,14,575,0,
54,2024-01-02,F9,7065,SJC,DTW,08:15,08:15,0,11:27,11:20,-7,1545,0,
55,2024-01-02,WN,9732,DTW,MEM,16:45,17:40,55,18:38,19:34,56,887,0,
56,2024-01-02,HA,5402,SJC,EWR,14:30,14:28,-2,17:22,17:23,1,1468,0,
57,2024-01-02,AS,2274,JAX,LAS,12:15,12:51,36,16:45,17:15,30,2160,0,
58,2024-01-02,AS,6246,MKE,STL,19:00,19:21,21,22:07,22:33,26,1509,0,
59,2024-01-02,AA,7611,TUS,JFK,16:00,15:53,-7,19:59,19:50,-9,1915,0,
60,2024-01-02,AS,9568,IAH,IND,09:45,,,13:37,,,1781,1,A
61,2024-01-02,F9,7109,OAK,ATL,11:15,12:54,99,15:46,17:35,109,2278,0,
62,2024-01-02,DL,2811,TPA,RIC,06:45,,,07:45,,,233,1,B
63,2024-01-02,DL,3805,LAS,CMH,21:45,22:01,16,22:45,22:55,10,358,0,
64,2024-01-02,WN,1778,PDX,JFK,08:30,09:05,35,14:17,14:46,29,2743,0,
65,2024-01-02,HA,2788,ATL,MKE,19:30,19:22,-8,23:04,23:00,-4,1670,0,
66,2024-01-02,DL,2117,SFO,MCO,23:45,23:45,0,00:45,00:52,7,480,0,
67,2024-01-03,AS,5042,BUF,LAX,11:15,11:56,41,16:14,16:57,43,2398,0,
68,2024-01-03,F9,1263,MKE,CMH,21:00,22:17,77,22:25,23:43,78,697,0,
69,2024-01-03,UA,1295,MEM,RDU,05:00,04:50,-10,07:04,06:53,-11,989,0,
70,2024-01-03,G4,6690,STL,AUS,07:15,07:20,5,09:40,09:39,-1,1084,0,
71,2024-01-03,NK,1183,CVG,JAX,14:45,14:45,0,17:48,17:52,4,1561,0,
72,2024-01-03,AA,2977,SLC,RIC,08:00,08:00,0,09:25,09:31,6,674,0,
73,2024-01-03,MX,6192,FLL,EWR,09:30,09:30,0,11:46,11:52,6,1144,0,
74,2024-01-03,MX,1362,IND,JAX,20:45,21:53,68,23:08,00:11,63,1176,0,
75,2024-01-03,DL,1989,IND,BUF,12:00,12:01,1,16:33,16:28,-5,2072,0,
76,2024-01-03,OH,6970,ORD,IND,12:30,12:30,0,13:30,13:31,1,247,0,
77,2024-01-03,SY,3756,DFW,BOS,21:00,23:53,173,01:56,04:41,165,2409,0,
78,2024-01-03,AA,4877,TPA,BOS,23:30,23:30,0,03:59,03:55,-4,2082,0,
79,2024-01-03,G4,2566,MEM,LGA,05:45,,,06:45,,,237,1,C
80,2024-01-03,NK,5138,OKC,TUS,08:15,08:12,-3,11:31,11:26,-5,1515,0,
81,2024-01-03,YX,6867,PHL,SJC,16:45,16:57,12,17:51,18:11,20,632,0,
82,2024-01-03,NK,3979,OMA,LAS,14:30,15:06,36,16:17,16:57,40,901,0,
83,2024-01-03,DL,9679,BOS,LAS,08:15,08:15,0,10:00,10:01,1,825,0,
84,2024-01-03,WN,7691,AUS,SLC,13:00,13:26,26,15:21,15:43,22,1244,0,
85,2024-01-03,B6,4166,MCO,JFK,16:45,16:45,0,19:54,19:56,2,1638,0,
86,2024-01-03,G4,4193,OKC,PIT,08:45,08:45,0,13:00,12:56,-4,2134,0,
87,2024-01-03,B6,1476,RIC,MKE,23:30,23:30,0,05:03,04:57,-6,2589,0,
88,2024-01-03,OH,799,IAH,SEA,19:00,19:03,3,21:47,21:53,6,1294,0,
89,2024-01-03,WN,4685,MSP,IAD,19:15,19:15,0,21:47,21:50,3,1220,0,
90,2024-01-03,F9,4683,DFW,SFO,17:15,17:15,0,22:09,21:59,-10,2279,0,
91,2024-01-03,QX,7959,ABQ,SAN,22:45,22:45,0,02:03,02:03,0,1708,0,
92,2024-01-03,AA,7828,BWI,DFW,21:30,21:30,0,22:30,22:37,7,410,0,
93,2024-01-03,YX,3694,OKC,DFW,23:45,,,03:38,,,1755,1,C
94,2024-01-03,B6,2428,IND,CVG,23:15,23:15,0,01:28,01:19,-9,1173,0,
95,2024-01-03,WN,7931,LAX,SJC,05:30,05:30,0,08:27,08:27,0,1305,0,
96,2024-01-03,UA,2420,CVG,TUS,08:30,08:32,2,11:42,11:44,2,1586,0,
97,2024-01-03,UA,8082,TUS,BNA,15:15,16:06,51,20:25,21:24,59,2437,0,
98,2024-01-03,NK,4925,SLC,OKC,09:15,09:15,0,14:03,13:58,-5,2422,0,
99,2024-01-03,YX,9365,SAT,PHL,08:45,08:45,0,14:14,14:24,10,2718,0,
100,2024-01-03,DL,5600,ABQ,OMA,19:00,19:00,0,00:50,00:40,-10,2738,0,
101,2024-01-03,F9,2825,TUS,STL,18:45,18:45,0,22:15,22:23,8,1602,0,
102,2024-01-03,SY,7493,PHL,EWR,07:00,06:54,-6,10:32,10:21,-11,1737,0,
103,2024-01-03,UA,9062,TUS,DEN,07:30,08:25,55,10:50,11:55,65,1484,0,
104,2024-01-04,UA,5524,DFW,SEA,11:15,11:15,0,16:45,16:42,-3,2694,0,
105,2024-01-04,NK,8143,IND,PIT,09:00,09:00,0,11:56,12:01,5,1380,0,
106,2024-01-04,AA,4881,DTW,EWR,07:45,07:59,14,09:30,09:54,24,944,0,
107,2024-01-04,UA,6152,TPA,HNL,10:45,10:45,0,14:50,14:41,-9,1937,0,
108,2024-01-04,MX,1504,OMA,SFO,16:45,16:45,0,22:18,22:24,6,2578,0,
109,2024-01-04,G4,9483,RIC,RDU,12:45,12:50,5,17:35,17:48,13,2242,0,
110,2024-01-04,HA,7457,MCO,SEA,10:15,10:19,4,13:55,14:09,14,1837,0,
111,2024-01-04,HA,1197,FLL,IAH,07:45,09:56,131,10:30,12:31,121,1332,0,
112,2024-01-04,HA,6974,CVG,SMF,08:45,08:48,3,12:26,12:22,-4,1662,0,
113,2024-01-04,DL,5733,IAD,PIT,18:30,18:37,7,22:29,22:34,5,1998,0,
114,2024-01-04,HA,6681,CMH,BUF,06:45,06:45,0,12:32,12:30,-2,2667,0,
115,2024-01-04,AA,5194,IAH,SLC,13:45,13:36,-9,16:49,16:39,-10,1561,0,
116,2024-01-04,F9,6928,MDW,BWI,07:15,07:44,29,08:54,09:24,30,697,0,
117,2024-01-04,G4,5197,EWR,DEN,21:45,21:45,0,00:01,23:57,-4,985,0,
118,2024-01-04,WN,928,ORD,RDU,16:15,16:20,5,20:01,19:56,-5,1763,0,
119,2024-01-04,F9,3009,CMH,AUS,20:30,20:56,26,00:32,00:48,16,1989,0,
120,2024-01-04,UA,3726,IND,DTW,12:15,12:15,0,13:30,13:24,-6,605,0,
121,2024-01-04,HA,4235,ATL,LGA,14:30,14:37,7,16:45,16:51,6,1095,0,
122,2024-01-04,OH,9676,SAT,HNL,08:00,08:09,9,13:40,13:48,8,2688,0,
123,2024-01-04,DL,5609,RDU,DEN,13:30,13:30,0,15:24,15:21,-3,844,0,
124,2024-01-04,QX,5336,CMH,HNL,09:00,08:54,-6,11:41,11:26,-15,1319,0,
125,2024-01-04,HA,3743,BOS,SAN,22:45,22:45,0,04:20,04:27,7,2592,0,
126,2024-01-04,DL,4337,RDU,LAS,22:15,22:15,0,01:07,01:06,-1,1314,0,
127,2024-01-04,YX,4369,IAH,PDX,23:30,01:31,121,03:51,06:01,130,2065,0,
128,2024-01-04,YX,2063,BOS,SMF,17:30,17:30,0,22:29,22:32,3,2436,0,
129,2024-01-04,YX,5283,OAK,MCO,10:00,10:00,0,11:08,11:12,4,670,0,
130,2024-01-04,QX,2695,EWR,CVG,20:00,20:03,3,23:00,22:53,-7,1471,0,
131,2024-01-04,WN,330,TUS,TPA,15:15,15:15,0,17:02,16:56,-6,909,0,
132,2024-01-04,G4,2836,CVG,SLC,07:00,07:05,5,08:00,07:59,-1,477,0,
133,2024-01-04,YX,3187,MCI,SAN,10:45,10:45,0,12:40,12:46,6,903,0,
134,2024-01-04,B6,712,ABQ,JAX,17:30,17:43,13,23:23,23:29,6,2776,0,
135,2024-01-04,AA,1997,DFW,ABQ,18:45,,,22:12,,,1729,1,B
136,2024-01-04,SY,8624,SFO,RIC,13:15,13:15,0,14:27,14:20,-7,500,0,
137,2024-01-04,HA,8671,BOS,BWI,11:30,11:30,0,15:41,15:37,-4,1903,0,
138,2024-01-05,B6,308,LGA,ATL,07:00,07:00,0,09:51,09:57,6,1299,0,
139,2024-01-05,MX,3887,SFO,BWI,19:30,20:15,45,01:03,01:47,44,2571,0,
140,2024-01-05,SY,1998,MDW,AUS,08:00,08:00,0,12:08,12:17,9,1871,0,
141,2024-01-05,MX,5715,JFK,PDX,10:00,10:41,41,12:24,13:08,44,1075,0,
142,2024-01-05,QX,2271,EWR,SEA,06:15,06:17,2,08:15,08:21,6,912,0,
143,2024-01-05,NK,572,SAN,MKE,09:45,10:00,15,13:14,13:39,25,1735,0,
144,2024-01-05,MX,9547,RIC,SMF,23:15,23:26,11,00:15,00:29,14,294,0,
145,2024-01-05,WN,6405,RDU,SAN,09:00,09:01,1,12:02,12:08,6,1360,0,
146,2024-01-05,DL,5353,MEM,MCI,12:30,12:35,5,13:49,13:51,2,661,0,
147,2024-01-05,F9,1542,IND,AUS,20:45,20:45,0,22:46,22:53,7,1083,0,
148,2024-01-05,OH,5090,JFK,SAT,21:15,21:15,0,00:22,00:19,-3,1415,0,
149,2024-01-05,B6,9929,PIT,MKE,20:30,21:14,44,22:59,23:43,44,1317,0,
150,2024-01-05,SY,8652,IAD,IND,16:00,16:26,26,17:16,17:40,24,709,0,
151,2024-01-05,WN,3632,SEA,STL,19:15,19:15,0,22:46,22:54,8,1604,0,
152,2024-01-05,YX,9755,AUS,RDU,21:15,21:23,8,01:01,01:17,16,1726,0,
153,2024-01-05,G4,9579,MSP,ABQ,10:15,10:17,2,11:20,11:24,4,517,0,
154,2024-01-05,HA,4582,BUF,LGA,17:30,17:30,0,19:41,19:47,6,997,0,
155,2024-01-05,MX,9169,PIT,MDW,11:15,11:19,4,15:02,15:16,14,1764,0,
156,2024-01-05,UA,5381,CLE,PIT,08:30,08:29,-1,12:01,12:07,6,1641,0,
157,2024-01-05,OH,8664,BNA,ATL,08:00,08:00,0,09:48,09:46,-2,913,0,
158,2024-01-05,AA,3442,BUF,IAD,22:00,23:14,74,01:04,02:15,71,1382,0,
159,2024-01-05,G4,8470,PDX,LGA,14:00,13:56,-4,19:36,19:39,3,2573,0,
160,2024-01-05,MX,7359,FLL,BOS,12:30,12:30,0,14:27,14:31,4,988,0,
161,2024-01-05,SY,2947,DEN,BOS,21:00,21:07,7,22:00,22:15,15,229,0,
162,2024-01-05,AA,2636,IAH,RDU,06:15,06:51,36,08:43,09:18,35,1156,0,
163,2024-01-05,HA,1294,PIT,SAN,15:15,15:15,0,20:12,20:14,2,2360,0,
164,2024-01-05,WN,5537,DTW,RIC,15:30,,,20:54,,,2510,1,C
165,2024-01-05,B6,4094,AUS,LGA,06:30,06:37,7,07:30,07:43,13,589,0,
166,2024-01-05,B6,7400,CLE,SMF,20:00,20:05,5,01:17,01:29,12,2622,0,
167,2024-01-05,SY,3592,DEN,PHL,18:00,,,23:56,,,2784,1,C
168,2024-01-05,B6,1300,ORD,SFO,06:15,06:28,13,08:05,08:16,11,771,0,
169,2024-01-05,F9,7194,MKE,HNL,15:00,15:00,0,16:00,16:08,8,559,0,
170,2024-01-05,OH,8338,DEN,TPA,08:30,08:30,0,11:14,11:16,2,1340,0,
171,2024-01-05,AA,8840,RDU,EWR,12:15,12:15,0,16:06,16:05,-1,1936,0,
172,2024-01-05,YX,6213,TUS,JAX,05:15,05:17,2,09:52,09:46,-6,2202,0,
173,2024-01-06,WN,8497,STL,OMA,09:15,09:15,0,10:53,11:01,8,739,0,
174,2024-01-06,OH,7657,MEM,PIT,22:00,22:00,0,00:36,00:36,0,1253,0,
175,2024-01-06,SY,1739,JAX,LGA,14:00,14:15,15,17:13,17:27,14,1498,0,
176,2024-01-06,UA,6071,IND,CVG,15:45,16:01,16,18:04,18:21,17,1173,0,
177,2024-01-06,MX,7683,IAH,MCI,19:30,19:30,0,23:12,23:10,-2,1882,0,
178,2024-01-06,UA,4412,SJC,BOS,07:00,07:15,15,10:40,10:57,17,1742,0,
179,2024-01-06,WN,4369,ORD,IND,22:45,22:45,0,23:45,23:44,-1,247,0,
180,2024-01-06,G4,6600,CLE,JFK,16:00,16:11,11,17:28,17:43,15,799,0,
181,2024-01-06,HA,2495,IND,RIC,20:30,20:30,0,02:09,02:06,-3,2751,0,
182,2024-01-06,WN,6458,SMF,TPA,20:45,20:45,0,00:59,00:57,-2,1993,0,
183,2024-01-06,AS,9441,CVG,SJC,10:45,10:56,11,11:45,11:54,9,476,0,
184,2024-01-06,YX,6749,PHL,SJC,16:30,16:30,0,17:48,17:43,-5,632,0,
185,2024-01-06,G4,3565,JAX,BWI,09:15,09:18,3,13:40,13:43,3,2043,0,
186,2024-01-06,F9,7948,RIC,RDU,11:15,11:15,0,15:58,15:53,-5,2242,0,
187,2024-01-06,G4,2506,ORD,CVG,06:15,06:20,5,07:43,07:38,-5,669,0,
188,2024-01-06,MX,1504,OMA,IAD,11:45,11:45,0,14:29,14:23,-6,1284,0,
189,2024-01-06,OH,8469,MSP,MKE,13:15,13:27,12,17:40,17:54,14,2184,0,
190,2024-01-06,DL,8664,LAX,DTW,21:45,21:45,0,22:54,22:45,-9,526,0,
191,2024-01-06,G4,1626,CLE,SEA,20:15,22:25,130,22:22,00:35,133,1008,0,
192,2024-01-06,AA,7128,BUF,SMF,12:45,13:25,40,17:43,18:26,43,2484,0,
193,2024-01-06,F9,4741,PHL,JFK,22:45,22:50,5,00:06,00:01,-5,642,0,
194,2024-01-06,WN,6798,BUF,MDW,16:00,16:00,0,19:40,19:48,8,1782,0,
195,2024-01-06,AS,3437,RIC,HNL,18:45,18:48,3,20:50,20:54,4,977,0,
196,2024-01-06,NK,2051,OKC,LAS,12:45,12:45,0,13:45,13:45,0,372,0,
197,2024-01-06,HA,952,BUF,RIC,10:45,11:01,16,11:45,12:10,25,359,0,
198,2024-01-06,DL,6175,FLL,PHL,07:00,07:12,12,08:20,08:41,21,689,0,
199,2024-01-06,QX,8199,MSP,JAX,19:00,19:00,0,00:55,01:04,9,2767,0,
200,2024-01-06,MX,2876,PHL,MKE,06:30,06:30,0,08:34,08:36,2,921,0,
201,2024-01-06,NK,3381,HNL,CMH,21:00,21:12,12,22:58,23:18,20,832,0,
202,2024-01-06,OH,3287,BWI,PHL,19:45,19:55,10,21:29,21:31,2,821,0,
203,2024-01-06,B6,4322,SEA,SMF,22:30,22:42,12,23:30,23:42,12,408,0,
204,2024-01-06,F9,9714,RIC,OAK,05:45,05:47,2,10:15,10:14,-1,2112,0,
205,2024-01-06,NK,8876,SAN,SJC,05:30,05:34,4,06:30,06:41,11,318,0,
206,2024-01-07,B6,9499,SAN,DTW,13:15,13:27,12,16:46,16:55,9,1756,0,
207,2024-01-07,WN,4191,PHL,BOS,16:15,16:28,13,18:25,18:28,3,1012,0,
208,2024-01-07,G4,6181,ORD,MCI,15:45,16:00,15,21:08,21:25,17,2640,0,
209,2024-01-07,HA,8713,LAS,DFW,18:45,18:45,0,23:48,23:41,-7,2434,0,
210,2024-01-07,F9,237,MDW,ABQ,05:15,05:15,0,06:44,06:51,7,792,0,
211,2024-01-07,AS,5721,RDU,MKE,16:15,16:58,43,19:23,20:08,45,1543,0,
212,2024-01-07,UA,9535,IND,LAS,12:00,12:12,12,13:00,13:06,6,534,0,
213,2024-01-07,MX,259,MCO,MCI,10:45,10:53,8,11:45,11:58,13,381,0,
214,2024-01-07,G4,6627,IND,DFW,08:15,08:16,1,11:50,11:55,5,1823,0,
215,2024-01-07,AS,9280,TPA,PDX,22:30,22:30,0,01:19,01:27,8,1425,0,
216,2024-01-07,SY,4763,SJC,MSP,16:30,18:33,123,21:45,23:47,122,2489,0,
217,2024-01-07,UA,5627,EWR,JAX,18:45,18:45,0,19:45,19:55,10,300,0,
218,2024-01-07,AS,6579,CMH,OMA,13:45,13:58,13,14:48,14:56,8,523,0,
219,2024-01-07,AA,3944,LAS,OKC,13:00,,,14:00,,,296,1,B
220,2024-01-07,G4,1802,MEM,JFK,13:15,13:15,0,14:15,14:14,-1,352,0,
221,2024-01-07,UA,2895,LAS,SJC,05:00,07:51,171,07:53,10:51,178,1292,0,
222,2024-01-07,G4,8935,AUS,LAS,10:45,10:56,11,14:55,15:07,12,2049,0,
223,2024-01-07,WN,5144,JFK,OAK,16:45,16:45,0,17:45,17:44,-1,208,0,
224,2024-01-07,AA,7916,BUF,MCI,14:00,14:13,13,17:38,17:52,14,1728,0,
225,2024-01-07,YX,6567,PIT,BNA,12:15,12:15,0,13:48,13:58,10,766,0,
226,2024-01-07,QX,4554,SAT,ABQ,14:30,14:30,0,15:53,16:03,10,763,0,
227,2024-01-07,F9,8160,BWI,ABQ,11:30,11:30,0,12:30,12:28,-2,532,0,
228,2024-01-07,F9,3914,TUS,ATL,07:15,07:16,1,08:32,08:37,5,650,0,
229,2024-01-07,AA,2493,IAH,JFK,06:30,06:43,13,10:02,10:13,11,1592,0,
230,2024-01-07,OH,4178,ATL,LAS,17:45,18:03,18,22:50,23:04,14,2433,0,
231,2024-01-07,SY,2698,SLC,IAH,06:00,06:00,0,12:02,11:58,-4,2800,0,
232,2024-01-07,WN,5416,MKE,BNA,05:15,05:15,0,08:22,08:13,-9,1623,0,
233,2024-01-07,MX,9868,RDU,ABQ,09:30,09:43,13,11:19,11:42,23,919,0,
234,2024-01-07,B6,8887,JAX,MCO,08:15,08:45,30,13:19,13:53,34,2353,0,
235,2024-01-07,AA,5968,BUF,PDX,09:30,09:45,15,12:25,12:45,20,1345,0,
236,2024-01-07,UA,5403,SJC,SAN,19:30,19:30,0,22:22,22:26,4,1465,0,
237,2024-01-07,AS,7539,SJC,TPA,05:45,05:57,12,07:51,08:12,21,938,0,
238,2024-01-07,MX,8930,DEN,RIC,17:15,17:15,0,18:25,18:28,3,603,0,
239,2024-01-07,DL,1192,SFO,SJC,06:15,06:18,3,08:59,09:10,11,1428,0,
240,2024-01-07,NK,8715,OMA,MCI,23:30,00:09,39,03:36,04:11,35,1863,0,
241,2024-01-08,F9,6013,MKE,DFW,22:45,23:24,39,00:09,00:39,30,664,0,
242,2024-01-08,OH,3637,SLC,DEN,21:00,21:00,0,22:17,22:14,-3,574,0,
243,2024-01-08,UA,9244,PIT,MEM,18:00,18:13,13,21:36,21:42,6,1631,0,
244,2024-01-08,UA,8368,PIT,HNL,15:15,15:10,-5,17:17,17:13,-4,1017,0,
245,2024-01-08,SY,5399,BNA,OKC,12:15,,,15:09,,,1407,1,A
246,2024-01-08,AS,8580,CMH,LAX,09:30,10:59,89,15:27,16:54,87,2787,0,
247,2024-01-08,G4,9465,PIT,CVG,09:00,09:00,0,12:03,12:11,8,1367,0,
248,2024-01-08,AS,9446,SLC,JFK,17:15,17:35,20,19:37,20:05,28,1137,0,
249,2024-01-08,DL,5021,CMH,OMA,06:45,06:45,0,07:48,07:41,-7,523,0,
250,2024-01-08,WN,9968,OKC,JAX,05:45,05:45,0,09:27,09:27,0,1866,0,
251,2024-01-08,WN,6536,MCO,DFW,19:00,19:00,0,20:00,20:05,5,484,0,
252,2024-01-08,AA,4401,PIT,HNL,07:45,08:28,43,09:54,10:33,39,1017,0,
253,2024-01-08,SY,9294,IND,BOS,21:15,21:15,0,00:10,00:03,-7,1505,0,
254,2024-01-08,NK,3220,TPA,SAN,15:30,15:30,0,20:59,21:03,4,2606,0,
255,2024-01-08,F9,3371,ORD,LGA,16:15,16:15,0,19:59,19:53,-6,1682,0,
256,2024-01-08,OH,5724,IAD,ATL,08:30,08:30,0,13:28,13:24,-4,2460,0,
257,2024-01-08,QX,8013,FLL,IND,09:00,09:00,0,11:31,11:30,-1,1323,0,
258,2024-01-08,MX,969,SAT,BWI,19:00,,,20:06,,,434,1,C
259,2024-01-08,NK,8431,PHL,HNL,08:30,08:30,0,13:42,13:46,4,2382,0,
260,2024-01-08,MX,4153,LAX,DFW,21:30,21:30,0,00:21,00:31,10,1400,0,
261,2024-01-08,G4,4321,BWI,DFW,17:00,17:00,0,18:00,17:54,-6,410,0,
262,2024-01-08,NK,3826,SMF,BUF,18:15,18:09,-6,21:56,21:57,1,1783,0,
263,2024-01-08,SY,8969,LAS,CMH,11:15,11:13,-2,12:15,12:07,-8,358,0,
264,2024-01-08,HA,1211,EWR,IAH,22:00,22:36,36,01:22,02:01,39,1519,0,
265,2024-01-08,AS,4585,AUS,MEM,09:15,09:39,24,14:39,15:01,22,2567,0,
266,2024-01-08,HA,3904,PHL,SAT,12:00,12:00,0,16:07,16:17,10,1983,0,
267,2024-01-08,OH,7863,PDX,CLE,09:15,09:45,30,12:05,12:33,28,1252,0,
268,2024-01-08,WN,3423,OKC,OMA,11:00,11:03,3,15:40,15:47,7,2148,0,
269,2024-01-08,NK,6332,HNL,ORD,15:45,15:55,10,19:19,19:22,3,1709,0,
270,2024-01-09,YX,8912,LGA,SJC,17:00,17:00,0,19:25,19:24,-1,1184,0,
271,2024-01-09,AS,7021,OAK,EWR,14:00,14:12,12,16:34,16:52,18,1341,0,
272,2024-01-09,QX,9052,CVG,ABQ,09:45,09:45,0,15:02,14:58,-4,2436,0,
273,2024-01-09,DL,2786,FLL,IAH,08:00,08:00,0,10:54,11:00,6,1332,0,
274,2024-01-09,UA,6335,PDX,IND,06:15,06:15,0,07:28,07:19,-9,671,0,
275,2024-01-09,AS,4831,TUS,AUS,10:00,10:15,15,13:11,13:30,19,1651,0,
276,2024-01-09,F9,8184,SJC,ATL,12:15,,,15:34,,,1565,1,C
277,2024-01-09,AS,9234,SAT,JAX,11:00,11:00,0,14:41,14:49,8,1723,0,
278,2024-01-09,AS,903,IAH,JFK,08:45,08:48,3,12:07,12:17,10,1592,0,
279,2024-01-09,F9,6001,OKC,CVG,06:00,07:42,102,07:44,09:29,105,763,0,
280,2024-01-09,DL,2304,IAD,MCI,08:30,08:30,0,11:36,11:27,-9,1459,0,
281,2024-01-09,MX,1536,MKE,SMF,20:30,20:30,0,22:19,22:20,1,845,0,
282,2024-01-09,HA,8614,IND,MCI,20:45,20:45,0,02:12,02:02,-10,2693,0,
283,2024-01-09,F9,3496,MKE,SEA,18:45,19:22,37,23:20,00:07,47,2320,0,
284,2024-01-09,AS,5142,FLL,DEN,14:30,14:30,0,17:48,17:38,-10,1554,0,
285,2024-01-09,WN,7949,IAH,SAN,20:00,20:11,11,01:16,01:27,11,2425,0,
286,2024-01-09,OH,1017,STL,MEM,21:30,21:40,10,22:30,22:40,10,264,0,
287,2024-01-09,YX,2546,SAN,DEN,13:00,13:40,40,14:07,14:49,42,506,0,
288,2024-01-09,DL,5252,MEM,SLC,06:30,06:30,0,07:40,07:46,6,639,0,
289,2024-01-09,DL,3411,TPA,ORD,07:45,07:42,-3,13:13,13:10,-3,2696,0,
290,2024-01-09,MX,5463,SMF,SLC,09:00,09:00,0,13:42,13:44,2,2266,0,
291,2024-01-09,G4,5195,SEA,ATL,06:00,06:00,0,09:08,09:16,8,1629,0,
292,2024-01-09,SY,3385,DTW,IAH,11:30,11:35,5,14:06,14:06,0,1339,0,
293,2024-01-09,AA,8522,SAT,PIT,08:15,08:15,0,09:15,09:12,-3,332,0,
294,2024-01-09,AS,8956,SAT,IAH,19:00,19:00,0,23:34,23:37,3,2301,0,
295,2024-01-09,MX,7404,CMH,CVG,16:30,16:30,0,21:23,21:17,-6,2326,0,
296,2024-01-09,QX,1693,BUF,OAK,19:30,19:41,11,20:33,20:53,20,596,0,
297,2024-01-09,B6,5512,HNL,MSP,15:45,15:45,0,21:26,21:21,-5,2737,0,
298,2024-01-10,HA,8422,IND,LAS,08:45,08:59,14,09:53,10:11,18,534,0,
299,2024-01-10,NK,4092,LGA,MKE,22:15,22:15,0,01:08,01:11,3,1405,0,
300,2024-01-10,B6,3969,SJC,ABQ,10:00,10:00,0,11:47,11:47,0,864,0,
301,2024-01-10,OH,5146,AUS,MSP,17:00,17:22,22,20:13,20:40,27,1588,0,
302,2024-01-10,AA,2376,JFK,PHL,23:00,23:13,13,00:12,00:34,22,601,0,
303,2024-01-10,WN,5287,DTW,BUF,14:30,14:25,-5,16:31,16:35,4,1092,0,
304,2024-01-10,NK,1122,LAS,SLC,16:00,16:00,0,17:29,17:19,-10,621,0,
305,2024-01-10,MX,5312,CVG,HNL,17:45,17:52,7,18:45,18:48,3,283,0,
306,2024-01-10,OH,2627,TPA,BNA,14:15,14:15,0,18:39,18:42,3,2071,0,
307,2024-01-10,UA,6913,JFK,MCO,19:45,19:55,10,00:03,00:14,11,2094,0,
308,2024-01-10,NK,9568,CMH,ATL,20:15,20:11,-4,00:41,00:28,-13,2160,0,
309,2024-01-10,HA,6138,RDU,TUS,08:45,08:43,-2,10:15,10:19,4,729,0,
310,2024-01-10,YX,4117,SAT,JFK,20:00,20:00,0,00:26,00:26,0,2026,0,
311,2024-01-10,AA,8499,RDU,OAK,20:30,20:30,0,00:24,00:33,9,1818,0,
312,2024-01-10,MX,1106,IND,FLL,20:15,20:34,19,21:35,21:53,18,763,0,
313,2024-01-10,UA,4652,CLE,DEN,13:15,13:15,0,14:36,14:31,-5,621,0,
314,2024-01-10,MX,7417,MCO,RIC,16:15,16:15,0,17:55,17:46,-9,710,0,
315,2024-01-10,DL,2625,MCO,SAT,20:45,21:25,40,21:45,22:33,48,486,0,
316,2024-01-10,B6,4431,DFW,OMA,08:00,08:00,0,09:59,10:01,2,1023,0,
317,2024-01-10,NK,2478,RDU,FLL,21:45,21:45,0,00:15,00:21,6,1082,0,
318,2024-01-10,AA,5897,SFO,PIT,18:30,18:30,0,22:46,22:50,4,2072,0,
319,2024-01-10,MX,9745,LGA,OKC,11:30,,,16:08,,,2138,1,A
320,2024-01-10,G4,7406,SFO,BUF,16:15,16:15,0,21:02,20:53,-9,2402,0,
321,2024-01-10,SY,2095,DTW,SAT,08:00,08:14,14,10:37,10:46,9,1177,0,
322,2024-01-10,MX,4926,MSP,BWI,19:00,19:45,45,00:03,00:43,40,2483,0,
323,2024-01-10,AS,6466,DFW,HNL,15:00,15:00,0,20:19,20:21,2,2523,0,
324,2024-01-10,F9,8957,SFO,EWR,18:15,19:12,57,23:30,00:19,49,2637,0,
325,2024-01-10,MX,407,FLL,OAK,20:15,20:26,11,22:25,22:36,11,1131,0,
326,2024-01-10,HA,8139,ATL,SMF,20:45,20:45,0,22:17,22:25,8,836,0,
327,2024-01-10,B6,5061,IAH,BUF,17:00,17:11,11,18:03,18:18,15,611,0,
328,2024-01-10,AS,2993,JAX,BOS,22:00,22:07,7,03:24,03:32,8,2554,0,
329,2024-01-10,YX,3204,MKE,AUS,09:00,09:00,0,10:00,10:07,7,465,0,
330,2024-01-10,F9,368,SJC,AUS,06:30,06:31,1,09:00,09:11,11,1127,0,
331,2024-01-11,SY,9592,SJC,MCO,12:00,12:01,1,13:00,12:58,-2,547,0,
332,2024-01-11,UA,918,ATL,BOS,14:00,14:00,0,15:00,15:05,5,330,0,
333,2024-01-11,HA,3420,PHL,DEN,18:30,18:30,0,21:36,21:30,-6,1474,0,
334,2024-01-11,QX,9817,DTW,ORD,10:30,10:53,23,14:23,14:47,24,1813,0,
335,2024-01-11,F9,766,LGA,CMH,09:00,09:56,56,10:00,11:01,61,270,0,
336,2024-01-11,AA,9827,MSP,JFK,14:45,14:45,0,18:35,18:39,4,1836,0,
337,2024-01-11,UA,716,SAT,ABQ,10:45,10:45,0,12:22,12:19,-3,763,0,
338,2024-01-11,G4,6029,SFO,MKE,22:15,22:15,0,03:46,03:40,-6,2744,0,
339,2024-01-11,YX,2988,RDU,CLE,10:00,10:00,0,11:00,11:09,9,424,0,
340,2024-01-11,QX,1810,OAK,ORD,06:15,06:15,0,08:07,08:11,4,833,0,
341,2024-01-11,B6,5436,STL,BOS,12:00,12:30,30,16:14,16:41,27,2062,0,
342,2024-01-11,HA,7241,MCI,DFW,09:15,09:15,0,12:40,12:36,-4,1650,0,
343,2024-01-11,AS,2184,BOS,SAN,06:00,06:05,5,11:33,11:38,5,2592,0,
344,2024-01-11,AS,2884,CMH,EWR,23:15,23:17,2,01:25,01:32,7,1017,0,
345,2024-01-11,AS,7114,ATL,OKC,12:15,14:30,135,13:58,16:07,129,711,0,
346,2024-01-11,YX,824,ATL,BNA,06:45,06:57,12,09:42,09:47,5,1339,0,
347,2024-01-11,WN,303,JFK,IND,18:15,18:18,3,22:34,22:42,8,2193,0,
348,2024-01-11,UA,9445,ABQ,OAK,23:00,01:39,159,00:00,02:40,160,309,0,
349,2024-01-11,MX,1258,MKE,ATL,17:30,17:48,18,20:37,21:03,26,1487,0,
350,2024-01-11,QX,5600,RIC,JFK,06:30,06:30,0,07:35,07:36,1,634,0,
351,2024-01-11,SY,1197,PIT,TUS,22:15,22:15,0,00:41,00:49,8,1109,0,
352,2024-01-11,MX,3793,DTW,MEM,15:30,15:30,0,17:16,17:17,1,887,0,
353,2024-01-11,G4,7803,SMF,SEA,22:30,22:30,0,03:34,03:26,-8,2541,0,
354,2024-01-11,UA,1891,IAD,DEN,10:30,,,14:25,,,1873,1,B
355,2024-01-11,SY,7864,SJC,LAS,16:45,16:45,0,22:26,22:23,-3,2637,0,
356,2024-01-11,G4,6845,JAX,IAH,23:30,23:41,11,01:11,01:29,18,725,0,
357,2024-01-11,AS,5121,IND,LAS,10:30,11:16,46,11:30,12:17,47,534,0,
358,2024-01-11,UA,8870,SAT,EWR,14:15,14:15,0,17:25,17:25,0,1639,0,
359,2024-01-11,F9,3122,FLL,PDX,11:00,11:00,0,16:20,16:27,7,2644,0,
360,2024-01-11,YX,8282,LAX,STL,09:45,09:35,-10,15:22,15:12,-10,2695,0,
361,2024-01-11,AS,9499,RDU,IAD,09:45,09:42,-3,11:14,11:18,4,666,0,
362,2024-01-11,AA,3710,HNL,MKE,19:30,19:32,2,20:46,20:45,-1,605,0,
363,2024-01-11,QX,469,BWI,BOS,07:45,07:45,0,13:27,13:36,9,2778,0,
364,2024-01-11,AA,6613,OMA,TPA,09:45,09:45,0,10:45,10:49,4,324,0,
365,2024-01-11,DL,7378,DTW,OKC,18:45,19:11,26,22:07,22:41,34,1710,0,
366,2024-01-12,WN,8706,SLC,MCI,15:00,15:00,0,18:18,18:16,-2,1550,0,
367,2024-01-12,G4,9404,OAK,TUS,09:15,09:18,3,12:30,12:41,11,1476,0,
368,2024-01-12,G4,3778,OKC,OAK,05:00,05:00,0,07:18,07:13,-5,1124,0,
369,2024-01-12,MX,566,JAX,LGA,08:30,08:38,8,11:35,11:41,6,1498,0,
370,2024-01-12,F9,6214,BUF,SEA,21:00,21:00,0,00:31,00:25,-6,1698,0,
371,2024-01-12,AA,6973,BWI,PDX,16:00,16:05,5,21:25,21:23,-2,2683,0,
372,2024-01-12,UA,5280,SJC,MDW,14:30,,,15:30,,,274,1,C
373,2024-01-12,AS,6850,TPA,CLE,15:15,15:15,0,16:44,16:51,7,636,0,
374,2024-01-12,OH,9129,SMF,PIT,08:45,08:37,-8,11:59,11:50,-9,1585,0,
375,2024-01-12,UA,8670,AUS,SAT,15:15,15:15,0,19:17,19:14,-3,1882,0,
376,2024-01-12,WN,7060,LAS,JFK,08:00,08:00,0,11:20,11:26,6,1712,0,
377,2024-01-12,F9,809,SEA,BWI,07:30,07:46,16,10:01,10:25,24,1283,0,
378,2024-01-12,UA,579,OMA,SAN,07:15,07:15,0,13:05,13:14,9,2731,0,
379,2024-01-12,HA,9572,DEN,SEA,05:15,05:07,-8,10:26,10:11,-15,2609,0,
380,2024-01-12,YX,7877,CLE,TUS,16:15,17:14,59,17:24,18:19,55,569,0,
381,2024-01-12,NK,2125,SEA,IAH,19:00,19:24,24,20:52,21:07,15,836,0,
382,2024-01-12,F9,4746,SEA,HNL,19:30,19:41,11,21:33,21:36,3,1062,0,
383,2024-01-12,QX,6120,RDU,BUF,10:00,10:00,0,14:11,14:03,-8,1963,0,
384,2024-01-12,NK,9775,HNL,ABQ,08:15,08:15,0,09:15,09:12,-3,334,0,
385,2024-01-12,MX,9634,MCI,BWI,23:30,23:43,13,02:38,02:53,15,1385,0,
386,2024-01-12,G4,7548,BWI,MCO,08:00,08:05,5,12:21,12:19,-2,2214,0,
387,2024-01-12,OH,538,DEN,CLE,10:45,10:45,0,15:00,14:52,-8,2137,0,
388,2024-01-12,G4,3408,MCI,OAK,14:45,14:45,0,17:16,17:06,-10,1196,0,
389,2024-01-12,AA,6385,BNA,SEA,19:30,19:30,0,20:30,20:29,-1,460,0,
390,2024-01-12,UA,2303,MCI,BNA,14:45,14:53,8,18:56,19:09,13,1988,0,
391,2024-01-12,OH,1013,EWR,SMF,17:30,,,23:07,,,2736,1,A
392,2024-01-12,UA,9667,TPA,SAN,05:30,05:25,-5,10:51,10:37,-14,2606,0,
393,2024-01-12,WN,5213,LGA,OMA,23:00,23:00,0,02:37,02:44,7,1856,0,
394,2024-01-12,F9,9406,OMA,BNA,21:45,21:50,5,00:35,00:48,13,1386,0,
395,2024-01-12,HA,1739,SFO,CLE,11:30,11:30,0,15:13,15:16,3,1821,0,
396,2024-01-13,OH,3607,DEN,PIT,14:30,15:05,35,15:51,16:18,27,586,0,
397,2024-01-13,HA,5618,SFO,CMH,13:00,13:00,0,14:00,13:59,-1,238,0,
398,2024-01-13,AS,8946,BNA,RIC,15:15,15:22,7,18:16,18:13,-3,1531,0,
399,2024-01-13,G4,8278,MSP,CVG,11:45,13:54,129,14:30,16:47,137,1212,0,
400,2024-01-13,AA,6068,SMF,BOS,19:15,19:40,25,23:51,00:08,17,2253,0,
401,2024-01-13,OH,4802,STL,BWI,10:30,10:30,0,11:30,11:20,-10,407,0,
402,2024-01-13,OH,8052,SLC,RDU,22:45,22:45,0,00:21,00:11,-10,858,0,
403,2024-01-13,QX,9122,BWI,RIC,10:00,10:00,0,12:08,12:17,9,1064,0,
404,2024-01-13,DL,1579,STL,TPA,17:15,17:13,-2,18:21,18:27,6,481,0,
405,2024-01-13,YX,8233,SMF,FLL,07:15,07:15,0,08:40,08:42,2,623,0,
406,2024-01-13,MX,3671,LGA,AUS,09:00,09:03,3,10:48,10:56,8,982,0,
407,2024-01-13,MX,9041,SEA,IAH,18:45,,,20:40,,,836,1,C
408,2024-01-13,AA,995,OKC,OMA,12:30,12:25,-5,17:00,16:52,-8,2148,0,
409,2024-01-13,NK,4286,ATL,STL,14:00,15:39,99,19:40,21:23,103,2613,0,
410,2024-01-13,YX,655,JAX,STL,13:00,12:56,-4,17:13,17:12,-1,1972,0,
411,2024-01-13,OH,4375,SFO,MSP,21:00,21:42,42,22:06,22:38,32,478,0,
412,2024-01-13,SY,7364,JAX,MSP,09:00,09:00,0,12:42,12:37,-5,1877,0,
413,2024-01-13,MX,9832,JAX,LAS,18:30,18:30,0,23:11,23:11,0,2160,0,
414,2024-01-13,WN,6122,JFK,BNA,10:45,10:45,0,12:48,12:55,7,874,0,
415,2024-01-13,SY,7676,PHL,JFK,11:30,11:42,12,12:43,12:49,6,642,0,
416,2024-01-13,B6,2022,EWR,CVG,05:45,05:45,0,08:39,08:37,-2,1471,0,
417,2024-01-13,F9,7166,PDX,LAS,11:15,,,17:11,,,2773,1,B
418,2024-01-13,WN,4168,SAT,AUS,16:45,18:46,121,18:20,20:17,117,717,0,
419,2024-01-13,MX,9884,BNA,MEM,13:00,13:00,0,17:17,17:18,1,2058,0,
420,2024-01-13,SY,845,CMH,TUS,05:30,05:24,-6,10:23,10:24,1,2434,0,
421,2024-01-13,UA,8353,FLL,EWR,20:30,20:30,0,22:51,22:45,-6,1144,0,
422,2024-01-13,B6,8279,ORD,MCO,13:30,13:45,15,18:31,18:46,15,2407,0,
423,2024-01-13,UA,8149,MDW,MEM,09:45,09:45,0,15:16,15:14,-2,2655,0,
424,2024-01-13,F9,8208,BNA,SEA,06:45,06:51,6,07:45,07:52,7,460,0,
425,2024-01-13,OH,2857,IAD,MSP,21:30,21:40,10,00:23,00:41,18,1380,0,
426,2024-01-13,YX,8261,DEN,FLL,08:30,08:30,0,11:06,10:59,-7,1137,0,
427,2024-01-13,UA,7640,LAX,SFO,20:45,20:45,0,00:20,00:29,9,1681,0,
428,2024-01-13,B6,9425,TUS,OKC,09:15,09:15,0,12:08,12:00,-8,1320,0,
429,2024-01-13,HA,6634,PDX,JFK,13:15,14:27,72,18:54,20:08,74,2743,0,
430,2024-01-13,QX,2075,JAX,MCO,14:45,14:39,-6,19:28,19:23,-5,2353,0,
431,2024-01-13,OH,3374,TPA,SMF,20:45,21:00,15,22:58,23:16,18,1171,0,
432,2024-01-13,HA,7079,MSP,AUS,07:00,07:09,9,12:52,13:06,14,2709,0,
433,2024-01-13,SY,4862,SMF,JFK,19:45,19:37,-8,20:45,20:34,-11,368,0,
434,2024-01-14,HA,1353,DFW,IND,06:00,06:09,9,08:51,08:58,7,1285,0,
435,2024-01-14,HA,366,JFK,SMF,08:45,08:45,0,11:49,11:48,-1,1368,0,
436,2024-01-14,MX,7471,OAK,RIC,13:30,13:30,0,16:42,16:35,-7,1596,0,
437,2024-01-14,AA,2011,ATL,STL,05:15,07:14,119,10:49,12:53,124,2613,0,
438,2024-01-14,OH,6571,SAT,TPA,14:00,14:00,0,15:00,14:56,-4,327,0,
439,2024-01-14,WN,2478,RDU,OMA,12:45,12:45,0,13:45,13:49,4,231,0,
440,2024-01-14,NK,2821,LAX,LAS,09:45,09:53,8,11:42,11:58,16,987,0,
441,2024-01-14,NK,229,DFW,SAN,08:45,08:52,7,11:06,11:04,-2,1180,0,
442,2024-01-14,F9,8093,CLE,CMH,12:00,12:00,0,14:56,15:06,10,1471,0,
443,2024-01-14,F9,5781,SEA,CLE,19:45,19:46,1,22:10,22:17,7,1228,0,
444,2024-01-14,YX,9964,RIC,IAH,19:15,19:11,-4,21:11,21:12,1,854,0,
445,2024-01-14,OH,3494,EWR,MKE,14:00,14:00,0,15:40,15:33,-7,803,0,
446,2024-01-14,F9,3531,SLC,LGA,22:00,22:00,0,02:01,02:07,6,2011,0,
447,2024-01-14,DL,1967,IAH,AUS,12:00,11:54,-6,17:26,17:11,-15,2542,0,
448,2024-01-14,G4,8544,BWI,MCO,08:00,07:57,-3,12:24,12:30,6,2214,0,
449,2024-01-14,OH,787,SFO,IND,21:00,20:53,-7,00:14,00:06,-8,1495,0,
450,2024-01-14,QX,1726,CLE,MCI,09:30,09:36,6,12:24,12:20,-4,1325,0,
451,2024-01-14,QX,4798,RDU,IAH,21:15,21:15,0,22:25,22:31,6,654,0,
452,2024-01-14,WN,6873,LAS,AUS,18:45,18:40,-5,22:30,22:15,-15,1888,0,
453,2024-01-14,G4,5642,DEN,SFO,15:45,15:45,0,16:45,16:55,10,286,0,
454,2024-01-14,HA,8616,DFW,JAX,14:45,,,20:00,,,2408,1,B
455,2024-01-14,YX,2506,SMF,MKE,17:45,17:56,11,18:48,19:03,15,469,0,
456,2024-01-14,YX,3332,JAX,HNL,14:00,14:50,50,15:32,16:29,57,728,0,
457,2024-01-14,DL,5215,CLE,IND,21:30,21:30,0,02:17,02:15,-2,2278,0,
458,2024-01-14,QX,7026,SLC,OKC,21:00,21:00,0,01:58,01:51,-7,2422,0,
459,2024-01-14,SY,4981,SEA,OAK,23:00,23:08,8,01:46,02:01,15,1281,0,
460,2024-01-14,WN,4761,SAN,SLC,23:15,23:15,0,04:59,04:55,-4,2729,0,
461,2024-01-14,B6,2501,OAK,SFO,18:45,19:53,68,22:00,23:12,72,1634,0,
462,2024-01-14,SY,9737,SMF,HNL,22:45,22:59,14,03:45,04:04,19,2346,0,
463,2024-01-14,NK,8386,EWR,MCO,09:45,11:02,77,15:08,16:21,73,2531,0,
464,2024-01-14,AA,9259,OKC,EWR,16:00,16:00,0,17:00,17:06,6,523,0,
465,2024-01-14,B6,5068,SLC,PDX,14:45,14:46,1,19:23,19:23,0,2125,0,
466,2024-01-15,AA,5812,SEA,IND,07:00,07:07,7,11:11,11:20,9,1934,0,
467,2024-01-15,MX,2369,CMH,LAS,21:45,21:45,0,23:40,23:49,9,1025,0,
468,2024-01-15,NK,6578,PDX,PHL,15:00,15:11,11,16:00,16:01,1,336,0,
469,2024-01-15,QX,9292,ABQ,SLC,08:00,08:55,55,10:59,11:50,51,1427,0,
470,2024-01-15,G4,8813,LAX,LAS,10:00,10:05,5,12:07,12:12,5,987,0,
471,2024-01-15,AA,5669,MCI,LAX,18:15,18:15,0,22:43,22:36,-7,2249,0,
472,2024-01-15,G4,2459,EWR,SLC,10:30,10:24,-6,15:37,15:40,3,2575,0,
473,2024-01-15,UA,1058,LAX,TUS,14:45,16:04,79,19:57,21:09,72,2523,0,
474,2024-01-15,WN,9701,MEM,CMH,12:45,12:45,0,16:01,16:08,7,1580,0,
475,2024-01-15,F9,3929,LAX,BNA,05:30,05:30,0,11:25,11:19,-6,2800,0,
476,2024-01-15,NK,8299,AUS,JFK,11:15,11:21,6,16:37,16:50,13,2458,0,
477,2024-01-15,AA,4839,OAK,MKE,10:00,10:00,0,13:33,13:43,10,1740,0,
478,2024-01-15,OH,845,CLE,IAD,10:00,10:21,21,14:07,14:31,24,2038,0,
479,2024-01-15,G4,5713,MDW,BUF,13:45,13:45,0,19:07,19:16,9,2457,0,
480,2024-01-15,YX,133,BUF,LAS,20:00,20:15,15,00:00,00:17,17,1851,0,
481,2024-01-15,QX,1370,JAX,OMA,22:00,22:00,0,00:44,00:53,9,1226,0,
482,2024-01-15,UA,2144,BUF,ATL,19:30,19:30,0,22:30,22:28,-2,1370,0,
483,2024-01-15,MX,1574,SAN,BOS,14:15,14:15,0,19:04,18:54,-10,2385,0,
484,2024-01-15,OH,1917,MKE,HNL,13:45,13:48,3,14:57,14:55,-2,559,0,
485,2024-01-15,UA,2187,OKC,DEN,13:15,13:15,0,17:09,17:16,7,1816,0,
486,2024-01-15,SY,132,PIT,OAK,18:00,18:00,0,19:00,19:05,5,413,0,
487,2024-01-15,QX,3778,ORD,OKC,06:30,06:30,0,09:00,09:00,0,1278,0,
488,2024-01-15,HA,3796,LAX,MEM,18:00,18:00,0,20:18,20:28,10,1070,0,
489,2024-01-15,F9,9808,BNA,LAX,15:30,15:23,-7,18:21,18:14,-7,1286,0,
490,2024-01-15,WN,7284,DEN,SAT,08:45,08:35,-10,12:41,12:23,-18,1934,0,
491,2024-01-15,AA,5039,AUS,DFW,18:00,18:00,0,19:12,19:05,-7,606,0,
492,2024-01-15,NK,273,PHL,SAT,19:45,19:53,8,23:57,23:55,-2,1983,0,
493,2024-01-15,B6,1869,CVG,BOS,08:00,07:53,-7,10:33,10:32,-1,1185,0,
494,2024-01-15,NK,7384,RDU,OKC,10:15,10:15,0,13:55,14:05,10,1757,0,
495,2024-01-15,AS,2485,CVG,SJC,09:45,09:45,0,10:45,10:53,8,476,0,
496,2024-01-15,UA,8408,DFW,FLL,22:00,22:07,7,01:20,01:19,-1,1527,0,
497,2024-01-15,SY,7757,RDU,ABQ,15:30,15:30,0,17:37,17:28,-9,919,0,
498,2024-01-15,YX,3754,ATL,JAX,12:45,13:14,29,16:16,16:47,31,1608,0,
499,2024-01-15,UA,262,ATL,PDX,07:30,07:30,0,09:52,10:00,8,1102,0,
500,2024-01-15,B6,3362,ORD,LAX,11:30,12:00,30,15:29,16:06,37,1820,0,
501,2024-01-16,AA,1757,MSP,BWI,05:15,05:15,0,10:19,10:23,4,2483,0,
502,2024-01-16,QX,2907,TPA,RIC,21:45,23:01,76,22:45,23:57,72,233,0,
503,2024-01-16,NK,5309,BUF,TPA,18:15,18:30,15,23:15,23:24,9,2452,0,
504,2024-01-16,AA,2171,MKE,BWI,21:45,22:06,21,02:08,02:24,16,2211,0,
505,2024-01-16,QX,6231,JAX,CLE,20:45,20:48,3,23:52,00:00,8,1445,0,
506,2024-01-16,HA,9667,HNL,JAX,06:15,06:15,0,10:48,10:50,2,2204,0,
507,2024-01-16,YX,9120,TPA,FLL,07:15,07:28,13,10:10,10:14,4,1378,0,
508,2024-01-16,HA,7491,IAH,AUS,19:45,19:45,0,00:47,00:42,-5,2542,0,
509,2024-01-16,AS,5983,JAX,DEN,07:30,07:44,14,08:53,09:04,11,553,0,
510,2024-01-16,DL,9046,TPA,ORD,11:30,11:30,0,16:58,17:07,9,2696,0,
511,2024-01-16,OH,8998,MEM,ABQ,13:00,13:35,35,17:18,17:55,37,1951,0,
512,2024-01-16,QX,7833,JAX,ATL,21:15,21:56,41,01:39,02:17,38,2114,0,
513,2024-01-16,QX,7659,PIT,OAK,15:00,15:00,0,16:03,16:10,7,413,0,
514,2024-01-16,UA,5106,IND,LAS,05:45,05:45,0,06:49,06:51,2,534,0,
515,2024-01-16,MX,5442,SJC,SLC,23:00,23:00,0,02:33,02:43,10,1682,0,
516,2024-01-16,YX,6504,CMH,IND,17:15,17:15,0,20:43,20:51,8,1704,0,
517,2024-01-16,SY,2908,SLC,JFK,08:15,08:15,0,10:24,10:26,2,1137,0,
518,2024-01-16,WN,8691,IAD,RIC,07:45,07:45,0,12:19,12:14,-5,2222,0,
519,2024-01-16,UA,7935,SJC,STL,07:45,07:45,0,12:08,12:17,9,2191,0,
520,2024-01-16,AS,8332,CVG,BOS,19:30,19:30,0,22:02,21:59,-3,1185,0,
521,2024-01-16,YX,7639,IND,MCI,19:00,19:00,0,00:33,00:42,9,2693,0,
522,2024-01-16,OH,4181,MSP,BNA,10:45,10:53,8,14:53,14:52,-1,2012,0,
523,2024-01-16,OH,8910,EWR,IAD,14:00,14:12,12,17:53,18:06,13,1960,0,
524,2024-01-16,DL,6819,CLE,MDW,19:15,19:20,5,01:04,01:13,9,2758,0,
525,2024-01-16,MX,6599,HNL,BOS,06:00,06:00,0,11:12,11:16,4,2499,0,
526,2024-01-16,G4,7271,OMA,LGA,09:45,09:45,0,10:55,10:48,-7,532,0,
527,2024-01-16,DL,6503,SJC,MEM,10:00,10:00,0,11:39,11:35,-4,878,0,
528,2024-01-16,YX,3641,RIC,SJC,19:00,19:14,14,20:08,20:21,13,568,0,
529,2024-01-16,HA,6283,ATL,DEN,11:15,11:15,0,13:30,13:30,0,1203,0,
530,2024-01-16,SY,3713,OMA,DEN,08:15,08:27,12,10:01,10:20,19,890,0,
531,2024-01-16,HA,6572,DTW,PIT,18:00,18:00,0,20:04,20:14,10,1016,0,
532,2024-01-17,WN,1181,OAK,PHL,13:30,13:31,1,18:42,18:36,-6,2497,0,
533,2024-01-17,QX,4227,IND,EWR,08:30,08:30,0,11:01,11:06,5,1119,0,
534,2024-01-17,AA,7454,CMH,CVG,17:15,17:15,0,22:14,22:07,-7,2326,0,
535,2024-01-17,MX,1400,BNA,LGA,06:15,06:15,0,11:02,10:53,-9,2263,0,
536,2024-01-17,MX,5485,CMH,AUS,09:30,09:36,6,13:43,13:48,5,1989,0,
537,2024-01-17,WN,5715,TUS,IAH,12:15,12:34,19,15:56,16:17,21,1743,0,
538,2024-01-17,UA,199,AUS,JAX,07:45,07:37,-8,11:33,11:20,-13,1932,0,
539,2024-01-17,OH,8413,DTW,FLL,07:45,08:30,45,09:56,10:36,40,1066,0,
540,2024-01-17,AS,7444,IAD,CVG,11:30,11:30,0,15:54,15:58,4,2119,0,
541,2024-01-17,HA,2653,OKC,BNA,20:00,20:40,40,21:00,21:47,47,407,0,
542,2024-01-17,MX,6333,MSP,BWI,19:30,19:38,8,00:35,00:37,2,2483,0,
543,2024-01-17,WN,168,MCO,DTW,05:30,05:26,-4,08:05,08:06,1,1269,0,
544,2024-01-17,HA,736,DEN,BNA,08:45,09:37,52,10:26,11:19,53,741,0,
545,2024-01-17,F9,6132,MKE,ABQ,06:45,06:45,0,10:28,10:29,1,1678,0,
546,2024-01-17,SY,2522,LAX,ABQ,13:45,13:56,11,15:43,15:47,4,1064,0,
547,2024-01-17,SY,6615,ABQ,PDX,23:00,23:00,0,00:14,00:13,-1,648,0,
548,2024-01-17,G4,9702,OMA,PDX,14:45,15:06,21,19:35,19:50,15,2239,0,
549,2024-01-17,WN,5147,OKC,HNL,05:15,05:15,0,07:43,07:46,3,1180,0,
550,2024-01-17,MX,2990,BNA,EWR,16:15,16:15,0,19:44,19:52,8,1682,0,
551,2024-01-17,UA,3093,BOS,DFW,11:30,11:30,0,12:30,12:29,-1,530,0,
552,2024-01-17,DL,5705,BWI,DEN,05:15,05:15,0,07:58,07:48,-10,1234,0,
553,2024-01-17,QX,3558,ORD,SEA,21:00,20:54,-6,23:40,23:34,-6,1210,0,
554,2024-01-17,B6,5720,TPA,BUF,15:15,15:21,6,20:41,20:47,6,2518,0,
555,2024-01-17,AA,6683,OAK,ABQ,09:00,09:00,0,12:30,12:34,4,1715,0,
556,2024-01-17,SY,6868,RDU,SMF,11:00,12:03,63,12:00,13:07,67,231,0,
557,2024-01-17,F9,1433,HNL,MEM,16:45,17:31,46,21:01,21:43,42,2016,0,
558,2024-01-17,OH,8367,SMF,CVG,06:15,06:13,-2,07:15,07:17,2,414,0,
559,2024-01-17,F9,4046,OMA,SJC,12:15,12:15,0,13:15,13:15,0,498,0,
560,2024-01-17,QX,4320,BWI,PHL,20:00,20:11,11,21:29,21:40,11,821,0,
561,2024-01-17,YX,1159,IND,SAT,15:45,15:43,-2,17:22,17:17,-5,699,0,
562,2024-01-17,DL,1924,IAD,JFK,07:30,08:23,53,11:48,12:42,54,2045,0,
563,2024-01-17,B6,127,PDX,CVG,14:00,13:56,-4,18:33,18:30,-3,2118,0,
564,2024-01-17,YX,9956,LAS,SJC,23:15,00:17,62,01:45,02:46,61,1292,0,
565,2024-01-17,F9,2515,RIC,OAK,14:15,14:27,12,18:40,18:45,5,2112,0,
566,2024-01-18,F9,8210,MKE,DTW,14:45,15:22,37,19:05,19:33,28,2027,0,
567,2024-01-18,QX,6519,MSP,CLE,14:15,14:16,1,18:24,18:27,3,2026,0,
568,2024-01-18,G4,4726,TUS,IAD,11:45,13:27,102,15:08,16:49,101,1531,0,
569,2024-01-18,UA,7339,IND,LAS,20:30,,,21:44,,,534,1,C
570,2024-01-18,OH,2518,IND,SFO,17:45,17:45,0,20:00,19:51,-9,1165,0,
571,2024-01-18,G4,9822,JAX,IAH,18:15,18:15,0,19:45,19:44,-1,725,0,
572,2024-01-18,UA,6250,JAX,MEM,07:45,07:59,14,10:41,10:45,4,1440,0,
573,2024-01-18,DL,8451,SEA,CLE,12:00,12:00,0,14:43,14:51,8,1228,0,
574,2024-01-18,F9,7205,JAX,ABQ,14:15,14:15,0,16:57,17:04,7,1324,0,
575,2024-01-18,QX,1147,SMF,MCI,21:00,,,23:56,,,1358,1,B
576,2024-01-18,QX,741,MDW,SEA,09:15,09:15,0,14:47,14:40,-7,2761,0,
577,2024-01-18,B6,7031,SJC,EWR,05:15,05:20,5,08:07,08:20,13,1468,0,
578,2024-01-18,B6,8918,SMF,SAN,21:15,21:15,0,23:35,23:34,-1,1214,0,
579,2024-01-18,WN,9145,LAS,SAT,11:30,11:35,5,15:48,15:51,3,2127,0,
580,2024-01-18,YX,7572,EWR,STL,07:30,07:41,11,12:21,12:30,9,2293,0,
581,2024-01-18,MX,6197,JAX,BOS,23:15,23:15,0,04:26,04:18,-8,2554,0,
582,2024-01-18,G4,9084,SEA,BUF,18:00,17:55,-5,22:00,21:52,-8,2009,0,
583,2024-01-18,DL,6303,PDX,PHL,08:00,08:03,3,09:00,09:09,9,336,0,
584,2024-01-18,HA,4540,IAD,IND,08:00,08:00,0,09:30,09:39,9,709,0,
585,2024-01-18,NK,2190,RDU,CMH,13:00,13:11,11,15:32,15:51,19,1246,0,
586,2024-01-18,AA,6164,TUS,MKE,12:45,12:42,-3,14:57,14:53,-4,1049,0,
587,2024-01-18,NK,3848,SMF,TUS,14:00,14:42,42,16:21,16:55,34,1232,0,
588,2024-01-18,DL,1040,EWR,CVG,07:30,07:20,-10,10:39,10:35,-4,1471,0,
589,2024-01-18,UA,8537,RDU,CLE,22:00,21:53,-7,23:00,22:56,-4,424,0,
590,2024-01-18,MX,8752,SAN,LGA,06:45,06:43,-2,12:17,12:16,-1,2767,0,
591,2024-01-18,G4,7025,SAN,DFW,20:45,20:40,-5,22:40,22:42,2,832,0,
592,2024-01-18,OH,5001,SEA,SLC,20:30,20:30,0,22:03,22:13,10,638,0,
593,2024-01-18,YX,8099,ORD,RDU,06:30,06:30,0,09:55,09:56,1,1763,0,
594,2024-01-18,UA,245,HNL,SAN,08:45,08:53,8,09:45,09:46,1,385,0,
595,2024-01-18,AA,4198,MCO,RIC,12:45,12:52,7,14:15,14:20,5,710,0,
596,2024-01-18,F9,2751,OMA,AUS,09:30,10:31,61,12:17,13:14,57,1437,0,
597,2024-01-18,UA,5526,HNL,BNA,06:15,06:15,0,07:41,07:46,5,675,0,
598,2024-01-18,MX,6651,LAS,IAH,21:45,21:45,0,02:57,02:47,-10,2493,0,
599,2024-01-18,WN,5705,DFW,BUF,18:00,18:07,7,21:41,21:57,16,1834,0,
600,2024-01-18,G4,4706,MSP,FLL,08:30,08:30,0,09:30,09:36,6,405,0,
601,2024-01-18,WN,2536,CVG,JAX,12:00,11:54,-6,15:13,14:57,-16,1561,0,
602,2024-01-18,DL,6773,DFW,HNL,21:30,21:30,0,02:31,02:37,6,2523,0,
603,2024-01-19,AS,6056,SEA,IAD,13:30,15:02,92,14:40,16:02,82,672,0,
604,2024-01-19,MX,4774,MDW,DTW,20:30,20:30,0,21:58,21:58,0,736,0,
605,2024-01-19,DL,9140,OMA,ATL,09:30,09:36,6,15:01,15:17,16,2716,0,
606,2024-01-19,HA,1842,PDX,JFK,09:00,09:00,0,14:56,14:49,-7,2743,0,
607,2024-01-19,G4,5039,SAT,IAH,20:15,20:15,0,01:09,01:07,-2,2301,0,
608,2024-01-19,QX,6096,PIT,SAN,19:00,19:15,15,00:05,00:10,5,2360,0,
609,2024-01-19,AS,4845,BUF,LAS,06:00,06:13,13,10:03,10:22,19,1851,0,
610,2024-01-19,UA,6393,AUS,SMF,22:45,22:45,0,23:45,23:41,-4,445,0,
611,2024-01-19,AA,8354,CLE,OAK,21:30,21:35,5,03:10,03:06,-4,2786,0,
612,2024-01-19,AS,2527,ORD,JAX,13:15,,,14:39,,,656,1,B
613,2024-01-19,SY,5417,CMH,TPA,07:30,07:30,0,08:30,08:20,-10,395,0,
614,2024-01-19,WN,2995,TUS,BWI,13:00,13:00,0,18:27,18:37,10,2497,0,
615,2024-01-19,SY,9125,MKE,CMH,11:45,11:49,4,13:01,13:09,8,697,0,
616,2024-01-19,MX,2530,BNA,TPA,20:00,20:27,27,21:00,21:35,35,449,0,
617,2024-01-19,MX,4721,MSP,OMA,05:30,05:33,3,07:44,07:41,-3,1179,0,
618,2024-01-19,WN,6694,OAK,OMA,08:15,08:15,0,12:20,12:10,-10,2058,0,
619,2024-01-19,SY,4168,ORD,MCO,07:30,08:26,56,12:45,13:34,49,2407,0,
620,2024-01-19,OH,1492,IAH,TUS,11:15,12:07,52,12:26,13:23,57,608,0,
621,2024-01-19,AA,4482,SJC,ABQ,22:00,22:00,0,00:01,00:04,3,864,0,
622,2024-01-19,YX,3813,PHL,LAX,18:45,18:45,0,00:26,00:19,-7,2687,0,
623,2024-01-19,DL,4717,PHL,SFO,16:00,15:55,-5,21:34,21:20,-14,2570,0,
624,2024-01-19,UA,5586,BNA,SJC,10:45,10:48,3,16:17,16:13,-4,2691,0,
625,2024-01-19,F9,4448,OMA,TPA,07:00,07:00,0,08:00,08:05,5,324,0,
626,2024-01-19,DL,4662,IND,BNA,09:00,09:00,0,11:34,11:39,5,1248,0,
627,2024-01-19,NK,5563,CMH,JAX,09:15,09:22,7,13:19,13:33,14,1938,0,
628,2024-01-19,NK,7011,JFK,CMH,21:15,21:15,0,23:13,23:20,7,977,0,
629,2024-01-19,UA,5823,SEA,DFW,16:15,16:13,-2,19:41,19:35,-6,1713,0,
630,2024-01-19,AA,2020,OKC,LAS,09:45,09:45,0,10:45,10:53,8,372,0,
631,2024-01-20,OH,2506,EWR,LAX,16:15,16:17,2,19:00,18:57,-3,1411,0,
632,2024-01-20,UA,5007,OKC,SMF,20:45,20:45,0,00:27,00:37,10,1892,0,
633,2024-01-20,QX,2727,MSP,SMF,05:45,05:59,14,07:45,08:07,22,851,0,
634,2024-01-20,MX,2669,PHL,AUS,13:00,13:09,9,14:00,14:11,11,482,0,
635,2024-01-20,MX,1364,PIT,SAT,19:45,20:42,57,21:18,22:16,58,856,0,
636,2024-01-20,WN,1810,BWI,SFO,07:30,07:30,0,08:41,08:33,-8,667,0,
637,2024-01-20,AA,3175,MEM,SLC,22:15,22:15,0,23:37,23:28,-9,639,0,
638,2024-01-20,QX,887,RDU,ORD,15:00,14:54,-6,16:00,15:54,-6,415,0,
639,2024-01-20,MX,1695,SAN,LAS,15:45,16:33,48,21:14,22:10,56,2752,0,
640,2024-01-20,F9,4853,CVG,ORD,10:15,10:06,-9,16:16,16:03,-13,2788,0,
641,2024-01-20,SY,2738,MCO,TUS,21:30,21:30,0,00:19,00:21,2,1466,0,
642,2024-01-20,HA,2596,CMH,DEN,23:45,23:47,2,00:45,00:40,-5,458,0,
643,2024-01-20,UA,1216,IAD,EWR,13:30,13:51,21,15:46,16:12,26,1148,0,
644,2024-01-20,QX,2401,AUS,OMA,08:45,08:46,1,09:50,09:45,-5,410,0,
645,2024-01-20,G4,6222,SAT,MDW,07:45,07:54,9,11:24,11:30,6,1688,0,
646,2024-01-20,G4,1825,ATL,EWR,14:45,14:45,0,20:18,20:10,-8,2618,0,
647,2024-01-20,F9,7716,JAX,SJC,08:00,08:22,22,09:44,10:06,22,863,0,
648,2024-01-20,B6,3583,CMH,MCI,20:00,20:00,0,23:31,23:41,10,1783,0,
649,2024-01-20,HA,6330,ORD,SAT,06:30,06:30,0,09:26,09:29,3,1292,0,
650,2024-01-20,SY,2422,MSP,JFK,07:30,09:09,99,11:10,12:47,97,1836,0,
651,2024-01-20,AA,5703,JFK,AUS,14:15,14:19,4,18:09,18:16,7,1752,0,
652,2024-01-20,MX,262,IND,PDX,22:15,22:15,0,23:15,23:09,-6,221,0,
653,2024-01-20,YX,5284,MCO,CLE,08:45,08:35,-10,12:58,12:52,-6,1986,0,
654,2024-01-20,HA,3681,SFO,ORD,11:45,11:57,12,16:37,16:45,8,2375,0,
655,2024-01-20,SY,6166,IND,ATL,16:00,16:05,5,17:00,17:08,8,309,0,
656,2024-01-20,OH,8671,SJC,BNA,15:00,15:00,0,17:07,17:02,-5,986,0,
657,2024-01-20,NK,7267,IAD,RIC,14:00,14:02,2,18:25,18:32,7,2222,0,
658,2024-01-20,HA,7376,SJC,SFO,21:00,21:00,0,00:47,00:49,2,1805,0,
659,2024-01-20,OH,5844,RDU,SEA,19:45,19:45,0,21:01,20:58,-3,534,0,
660,2024-01-20,AS,5136,OMA,FLL,18:15,18:15,0,19:15,19:21,6,386,0,
661,2024-01-20,HA,2892,MDW,SAN,23:45,23:49,4,02:23,02:18,-5,1180,0,
662,2024-01-20,HA,6496,BNA,LAS,10:45,11:00,15,15:20,15:29,9,2150,0,
663,2024-01-20,SY,4363,IND,HNL,22:15,22:15,0,23:25,23:33,8,524,0,
664,2024-01-20,HA,1390,ABQ,SJC,23:45,23:45,0,04:59,04:55,-4,2565,0,
665,2024-01-20,WN,4367,TUS,PDX,06:30,06:32,2,11:02,10:57,-5,2082,0,
666,2024-01-20,YX,1854,CMH,SEA,09:30,09:35,5,12:39,12:40,1,1401,0,
667,2024-01-20,F9,1305,LAX,BNA,20:00,21:54,114,02:04,04:02,118,2800,0,
668,2024-01-21,AS,9394,ATL,BOS,06:00,06:06,6,07:00,07:12,12,330,0,
669,2024-01-21,YX,584,SEA,DTW,22:00,,,02:56,,,2471,1,A
670,2024-01-21,WN,2173,JFK,OKC,13:30,13:58,28,14:30,15:03,33,405,0,
671,2024-01-21,NK,2933,BOS,BWI,11:30,11:30,0,15:42,15:47,5,1903,0,
672,2024-01-21,F9,4551,BNA,SAT,15:00,15:10,10,20:57,21:17,20,2757,0,
673,2024-01-21,F9,8478,EWR,ORD,13:45,13:45,0,18:41,18:36,-5,2470,0,
674,2024-01-21,NK,4119,MSP,TPA,07:15,07:54,39,11:56,12:35,39,2375,0,
675,2024-01-21,MX,7724,IAH,DTW,23:30,23:30,0,03:56,04:02,6,2205,0,
676,2024-01-21,G4,1325,BWI,TUS,23:45,23:45,0,01:40,01:45,5,843,0,
677,2024-01-21,AS,2133,STL,SEA,19:15,19:15,0,20:15,20:05,-10,448,0,
678,2024-01-21,OH,7665,IND,ATL,14:15,,,15:15,,,309,1,B
679,2024-01-21,DL,5031,STL,OKC,13:30,13:43,13,16:40,17:02,22,1526,0,
680,2024-01-21,AS,8182,BUF,OAK,08:30,08:30,0,09:33,09:26,-7,596,0,
681,2024-01-21,OH,7238,BUF,OKC,12:15,12:43,28,16:27,16:46,19,2140,0,
682,2024-01-21,QX,886,ORD,LAS,14:00,14:37,37,19:05,19:37,32,2499,0,
683,2024-01-21,HA,2169,OAK,SEA,15:15,15:28,13,20:25,20:44,19,2478,0,
684,2024-01-21,F9,4696,OMA,MCI,15:45,16:06,21,19:39,19:57,18,1863,0,
685,2024-01-21,MX,1378,DTW,ABQ,07:45,07:46,1,11:59,12:05,6,2104,0,
686,2024-01-21,WN,8520,CVG,SMF,15:30,16:15,45,19:11,19:50,39,1662,0,
687,2024-01-21,B6,8512,PDX,OAK,11:45,11:45,0,16:41,16:49,8,2255,0,
688,2024-01-21,UA,1905,OAK,SFO,12:00,12:00,0,15:23,15:24,1,1634,0,
689,2024-01-21,YX,5906,PIT,JFK,18:15,18:18,3,22:26,22:27,1,2019,0,
690,2024-01-21,AA,7023,JAX,PDX,11:30,11:30,0,13:28,13:34,6,945,0,
691,2024-01-21,SY,4178,DFW,OMA,08:15,08:17,2,10:09,10:18,9,1023,0,
692,2024-01-21,WN,6728,SAT,ABQ,17:45,17:47,2,19:30,19:28,-2,763,0,
693,2024-01-21,AS,4818,ABQ,CMH,05:00,05:03,3,09:42,09:42,0,2167,0,
694,2024-01-21,SY,3169,DEN,MSP,15:45,15:48,3,17:52,17:53,1,1102,0,
695,2024-01-21,UA,9832,RIC,ATL,16:45,16:55,10,20:45,20:45,0,1833,0,
696,2024-01-21,AS,8343,PHL,SJC,10:15,10:37,22,11:33,12:00,27,632,0,
697,2024-01-21,G4,8070,FLL,RIC,13:30,13:30,0,15:00,15:06,6,620,0,
698,2024-01-22,F9,8608,SEA,IAD,05:15,05:15,0,06:31,06:39,8,672,0,
699,2024-01-22,NK,1562,TPA,DTW,11:45,13:21,96,14:35,16:17,102,1245,0,
700,2024-01-22,YX,5526,RIC,SAN,17:45,17:50,5,21:08,21:22,14,1541,0,
701,2024-01-22,QX,5785,OAK,CVG,14:00,14:01,1,15:12,15:12,0,575,0,
702,2024-01-22,SY,8076,EWR,MDW,14:00,14:00,0,19:46,19:54,8,2684,0,
703,2024-01-22,F9,7150,SLC,ATL,16:00,17:18,78,19:16,20:41,85,1520,0,
704,2024-01-22,DL,2437,ABQ,BWI,11:45,11:45,0,16:12,16:22,10,2206,0,
705,2024-01-22,NK,5048,SFO,BWI,14:15,14:58,43,19:42,20:21,39,2571,0,
706,2024-01-22,NK,5032,PIT,BOS,14:00,14:05,5,17:13,17:21,8,1467,0,
707,2024-01-22,G4,5232,AUS,ABQ,21:30,21:38,8,00:33,00:31,-2,1479,0,
708,2024-01-22,AA,2403,STL,JFK,14:15,14:25,10,19:31,19:40,9,2430,0,
709,2024-01-22,OH,6701,HNL,LAS,05:45,05:45,0,08:20,08:30,10,1157,0,
710,2024-01-22,HA,9364,SFO,SLC,20:30,20:44,14,21:30,21:40,10,362,0,
711,2024-01-22,G4,2334,OKC,MCI,12:15,13:11,56,13:15,14:07,52,415,0,
712,2024-01-22,AA,2083,MCO,SAT,21:00,21:00,0,22:00,22:02,2,486,0,
713,2024-01-22,DL,8025,SLC,STL,10:15,10:29,14,13:57,14:14,17,1872,0,
714,2024-01-22,AA,4043,MSP,MCO,10:15,10:23,8,11:34,11:43,9,636,0,
715,2024-01-22,NK,1858,PDX,ABQ,19:45,,,23:35,,,1816,1,B
716,2024-01-22,AA,7382,JAX,OMA,06:30,06:30,0,08:59,09:05,6,1226,0,
717,2024-01-22,G4,8702,DTW,TPA,17:00,17:03,3,19:29,19:36,7,1233,0,
718,2024-01-22,QX,5063,LAS,IAD,17:00,16:56,-4,19:38,19:29,-9,1222,0,
719,2024-01-22,YX,8708,CLE,RIC,13:15,13:15,0,16:59,17:01,2,1710,0,
720,2024-01-22,AA,3896,TUS,EWR,08:00,08:59,59,12:29,13:23,54,2255,0,
721,2024-01-22,NK,1154,MEM,STL,06:30,06:32,2,08:07,08:19,12,749,0,
722,2024-01-22,YX,1863,MSP,IAH,19:45,19:45,0,21:18,21:22,4,746,0,
723,2024-01-22,WN,2755,BOS,MEM,18:15,18:15,0,00:11,00:01,-10,2748,0,
724,2024-01-22,NK,1279,IND,SJC,15:15,15:15,0,16:39,16:44,5,655,0,
725,2024-01-22,B6,2358,SAT,PIT,07:45,07:52,7,08:45,08:58,13,332,0,
726,2024-01-22,DL,943,MCI,PHL,22:30,22:24,-6,03:45,03:40,-5,2548,0,
727,2024-01-22,OH,1325,EWR,SLC,22:15,22:29,14,03:40,03:45,5,2575,0,
728,2024-01-22,YX,7816,SEA,CMH,13:00,13:00,0,14:00,13:56,-4,380,0,
729,2024-01-22,MX,1121,IAH,RIC,12:45,13:37,52,15:55,16:39,44,1559,0,
730,2024-01-22,HA,1420,OKC,SAT,22:45,22:45,0,03:52,03:49,-3,2454,0,
731,2024-01-22,NK,3831,RDU,SLC,05:00,07:09,129,08:23,10:37,134,1613,0,
732,2024-01-22,QX,2151,PDX,ABQ,18:45,18:45,0,22:45,22:46,1,1816,0,
733,2024-01-22,B6,4002,BNA,DFW,12:00,12:16,16,13:32,13:39,7,719,0,
734,2024-01-22,AA,1031,TUS,LGA,07:00,07:00,0,11:54,12:04,10,2324,0,
735,2024-01-23,UA,7943,CMH,HNL,08:00,08:02,2,10:57,10:56,-1,1319,0,
736,2024-01-23,AS,4895,TPA,IND,12:30,12:30,0,16:11,16:14,3,1670,0,
737,2024-01-23,HA,1385,MCI,BWI,11:15,12:04,49,13:56,14:46,50,1385,0,
738,2024-01-23,QX,3951,MCO,ORD,19:45,19:45,0,22:29,22:28,-1,1341,0,
739,2024-01-23,DL,6390,DFW,IAD,20:00,20:00,0,21:00,20:55,-5,279,0,
740,2024-01-23,G4,5099,DFW,RIC,06:30,06:47,17,09:48,10:03,15,1476,0,
741,2024-01-23,HA,5686,DTW,LAX,18:45,18:58,13,19:45,20:05,20,310,0,
742,2024-01-23,HA,8601,TUS,IND,13:15,13:15,0,16:05,16:03,-2,1422,0,
743,2024-01-23,WN,5630,SJC,IAD,23:45,23:45,0,04:40,04:50,10,2282,0,
744,2024-01-23,HA,5128,ATL,LAS,23:30,23:44,14,04:33,04:37,4,2433,0,
745,2024-01-23,B6,9219,RDU,JAX,11:45,12:56,71,13:06,14:09,63,691,0,
746,2024-01-23,AS,8208,BWI,FLL,09:15,09:26,11,14:16,14:37,21,2505,0,
747,2024-01-23,SY,9600,CLE,AUS,15:00,14:54,-6,19:17,19:12,-5,2011,0,
748,2024-01-23,AA,5829,CMH,LGA,08:00,08:00,0,11:43,11:51,8,1831,0,
749,2024-01-23,OH,1269,RIC,STL,18:30,18:47,17,20:14,20:41,27,852,0,
750,2024-01-23,AS,2726,SAT,LAX,16:00,16:00,0,17:00,17:00,0,527,0,
751,2024-01-23,QX,9627,OKC,CLE,16:15,16:15,0,17:46,17:38,-8,610,0,
752,2024-01-23,WN,9511,IND,CLE,22:45,23:08,23,03:40,04:09,29,2361,0,
753,2024-01-23,B6,9524,BWI,BOS,14:15,14:15,0,20:10,20:03,-7,2778,0,
754,2024-01-23,F9,6029,TUS,STL,07:30,07:39,9,10:42,10:55,13,1602,0,
755,2024-01-23,WN,8908,IND,LAS,12:45,12:56,11,13:46,13:57,11,534,0,
756,2024-01-23,NK,2531,STL,SMF,23:45,02:41,176,00:45,03:34,169,211,0,
757,2024-01-23,QX,7798,PIT,TUS,08:15,08:15,0,10:20,10:14,-6,1109,0,
758,2024-01-23,G4,5905,PDX,AUS,09:45,09:45,0,14:44,14:53,9,2374,0,
759,2024-01-23,MX,5915,ORD,JFK,19:45,19:45,0,22:32,22:26,-6,1284,0,
760,2024-01-23,MX,1472,CVG,CLE,09:00,09:00,0,10:00,10:06,6,266,0,
761,2024-01-23,AS,4971,SFO,LGA,20:30,20:31,1,01:40,01:41,1,2533,0,
762,2024-01-23,QX,787,MSP,MCO,11:45,11:45,0,12:58,12:53,-5,636,0,
763,2024-01-23,AS,3764,MCI,AUS,10:30,10:21,-9,11:38,11:22,-16,633,0,
764,2024-01-23,OH,548,CLE,EWR,06:15,06:15,0,08:13,08:21,8,826,0,
765,2024-01-23,F9,7535,SMF,LAS,14:00,14:12,12,16:13,16:19,6,971,0,
766,2024-01-23,MX,5895,OMA,SEA,07:15,07:27,12,08:57,09:19,22,831,0,
767,2024-01-24,QX,5257,DEN,TUS,06:45,07:34,49,09:49,10:48,59,1589,0,
768,2024-01-24,WN,6263,LAS,CMH,12:15,13:01,46,13:15,13:55,40,358,0,
769,2024-01-24,YX,3609,JFK,SJC,05:45,05:45,0,09:32,09:35,3,1932,0,
770,2024-01-24,HA,9666,PDX,JAX,12:30,14:55,145,16:31,18:55,144,1827,0,
771,2024-01-24,F9,9895,MKE,HNL,16:45,16:36,-9,17:52,17:47,-5,559,0,
772,2024-01-24,SY,2986,BNA,SEA,19:30,19:53,23,20:38,21:06,28,460,0,
773,2024-01-24,SY,4866,LGA,LAX,13:15,13:57,42,16:31,17:13,42,1520,0,
774,2024-01-24,QX,6631,AUS,BNA,13:00,13:00,0,17:00,17:04,4,1968,0,
775,2024-01-24,HA,3478,EWR,PIT,08:30,08:20,-10,09:52,09:44,-8,582,0,
776,2024-01-24,MX,9158,IAH,TPA,07:00,07:00,0,10:49,10:56,7,1745,0,
777,2024-01-24,MX,2744,PHL,SLC,16:30,16:23,-7,19:41,19:24,-17,1435,0,
778,2024-01-24,G4,6619,SFO,SMF,20:00,20:00,0,21:18,21:16,-2,736,0,
779,2024-01-24,OH,6665,PDX,OMA,09:30,09:44,14,14:25,14:29,4,2482,0,
780,2024-01-24,G4,1665,CMH,MCO,23:45,00:39,54,00:45,01:29,44,379,0,
781,2024-01-24,F9,4429,BOS,SFO,23:45,23:45,0,02:10,02:08,-2,1147,0,
782,2024-01-24,YX,8400,BUF,SJC,12:45,12:41,-4,16:24,16:13,-11,1697,0,
783,2024-01-24,HA,3902,LAX,STL,19:30,19:30,0,00:53,00:46,-7,2695,0,
784,2024-01-24,WN,4195,MCI,CMH,07:15,07:22,7,10:42,10:46,4,1590,0,
785,2024-01-24,F9,5202,FLL,BNA,15:15,15:16,1,17:12,17:09,-3,995,0,
786,2024-01-24,QX,8288,MCI,PIT,15:15,15:21,6,16:34,16:33,-1,522,0,
787,2024-01-24,DL,323,PDX,LAS,10:00,10:00,0,15:46,15:41,-5,2773,0,
788,2024-01-24,G4,9063,MCI,LAS,18:45,18:41,-4,19:45,19:41,-4,276,0,
789,2024-01-24,B6,2818,IND,OMA,09:30,09:29,-1,13:30,13:38,8,1919,0,
790,2024-01-24,F9,2317,DTW,SAN,10:45,10:45,0,14:30,14:29,-1,1926,0,
791,2024-01-24,WN,8910,BUF,SFO,19:30,19:32,2,22:06,22:18,12,1283,0,
792,2024-01-24,WN,331,SAN,JAX,11:30,11:30,0,15:49,15:47,-2,1964,0,
793,2024-01-24,SY,1369,OMA,BOS,23:15,23:15,0,04:17,04:23,6,2508,0,
794,2024-01-24,QX,9531,PDX,IAH,23:30,23:30,0,03:37,03:34,-3,1901,0,
795,2024-01-24,DL,2448,SAT,MCO,10:45,12:27,102,14:46,16:34,108,2018,0,
796,2024-01-24,NK,5459,OMA,RDU,14:00,14:51,51,16:26,17:16,50,1203,0,
797,2024-01-24,B6,3604,SMF,JFK,10:30,10:42,12,11:30,11:40,10,368,0,
798,2024-01-24,G4,5804,BNA,OMA,10:00,10:39,39,15:13,15:55,42,2446,0,
799,2024-01-24,G4,6230,BOS,HNL,10:00,10:00,0,13:33,13:33,0,1758,0,
800,2024-01-24,B6,312,FLL,SMF,13:00,13:00,0,14:00,14:10,10,257,0,
801,2024-01-24,HA,7813,LAX,TUS,19:45,20:31,46,00:56,01:32,36,2523,0,
802,2024-01-24,MX,2998,MCO,TUS,09:00,09:07,7,11:58,11:58,0,1466,0,
803,2024-01-24,AS,373,BOS,OMA,15:30,15:56,26,19:15,19:31,16,1792,0,
804,2024-01-24,NK,1107,STL,RIC,07:15,07:15,0,08:15,08:13,-2,260,0,
805,2024-01-25,NK,152,MSP,JAX,14:30,14:39,9,20:18,20:31,13,2767,0,
806,2024-01-25,YX,1515,JFK,BOS,10:30,11:26,56,14:46,15:43,57,2015,0,
807,2024-01-25,YX,5142,TUS,LGA,11:15,11:15,0,16:08,16:08,0,2324,0,
808,2024-01-25,OH,3364,BOS,IAD,10:30,10:30,0,11:30,11:31,1,455,0,
809,2024-01-25,SY,2893,SMF,AUS,06:45,06:38,-7,08:27,08:30,3,850,0,
810,2024-01-25,QX,5706,IAD,DTW,21:30,21:30,0,01:40,01:31,-9,2059,0,
811,2024-01-25,G4,3154,OMA,MKE,20:15,20:23,8,00:50,00:49,-1,2102,0,
812,2024-01-25,DL,229,MKE,SAN,10:45,10:45,0,14:55,14:50,-5,2051,0,
813,2024-01-25,UA,7292,MEM,LAX,19:45,19:45,0,20:59,20:59,0,566,0,
814,2024-01-25,NK,3938,SLC,ORD,21:00,20:54,-6,23:36,23:20,-16,1225,0,
815,2024-01-25,UA,8686,SLC,SAT,11:15,11:05,-10,12:35,12:19,-16,560,0,
816,2024-01-25,F9,7646,HNL,EWR,05:15,05:15,0,06:15,06:11,-4,302,0,
817,2024-01-25,MX,9198,LGA,MCO,16:00,16:08,8,21:44,21:48,4,2699,0,
818,2024-01-25,SY,4077,PDX,RDU,08:45,08:45,0,11:42,11:41,-1,1316,0,
819,2024-01-25,MX,6552,BNA,SAT,22:00,22:00,0,03:34,03:31,-3,2757,0,
820,2024-01-25,B6,9916,CLE,ATL,17:00,17:00,0,20:17,20:20,3,1631,0,
821,2024-01-25,NK,7074,JAX,MSP,09:30,09:30,0,13:14,13:09,-5,1877,0,
822,2024-01-25,G4,1453,SFO,RDU,16:00,16:00,0,18:30,18:36,6,1177,0,
823,2024-01-25,F9,6681,ATL,CLE,18:00,18:05,5,20:48,20:54,6,1338,0,
824,2024-01-25,MX,6077,IAH,PIT,08:15,10:53,158,11:44,14:12,148,1761,0,
825,2024-01-25,YX,4324,ABQ,CVG,11:45,11:45,0,17:07,17:08,1,2590,0,
826,2024-01-25,HA,4234,RIC,TPA,18:30,18:41,11,23:44,23:56,12,2566,0,
827,2024-01-25,F9,683,MDW,SLC,08:30,08:30,0,14:19,14:12,-7,2780,0,
828,2024-01-25,UA,7163,MKE,MCI,13:30,13:23,-7,16:26,16:23,-3,1389,0,
829,2024-01-25,B6,2504,TPA,ORD,08:45,08:54,9,14:12,14:19,7,2696,0,
830,2024-01-25,MX,2007,JFK,AUS,11:30,13:36,126,15:16,17:13,117,1752,0,
831,2024-01-25,F9,4602,DTW,AUS,10:30,10:30,0,11:30,11:29,-1,413,0,
832,2024-01-25,NK,6888,DTW,LAX,09:30,09:30,0,10:30,10:30,0,310,0,
833,2024-01-25,HA,7647,IAD,OKC,23:45,23:45,0,00:45,00:45,0,363,0,
834,2024-01-25,B6,7668,AUS,MCO,20:15,20:15,0,22:42,22:50,8,1135,0,
835,2024-01-25,SY,5757,MCI,IND,07:15,,,11:01,,,1821,1,C
836,2024-01-25,HA,5861,EWR,MKE,23:45,23:52,7,01:17,01:26,9,803,0,
837,2024-01-25,UA,2123,PDX,SAT,08:45,08:45,0,10:31,10:33,2,776,0,
838,2024-01-25,B6,6951,MEM,DTW,13:30,13:43,13,16:32,16:55,23,1385,0,
839,2024-01-25,G4,3788,SJC,HNL,17:45,,,21:01,,,1599,1,B
840,2024-01-25,QX,2922,OAK,OMA,08:45,08:55,10,13:06,13:13,7,2058,0,
841,2024-01-26,G4,9448,JFK,SAT,18:00,18:06,6,21:02,21:00,-2,1415,0,
842,2024-01-26,AA,6478,OKC,CMH,22:15,22:41,26,23:15,23:46,31,221,0,
843,2024-01-26,YX,2273,BOS,IAH,14:00,14:15,15,17:50,18:14,24,1795,0,
844,2024-01-26,WN,8295,MSP,RDU,08:30,08:56,26,12:18,12:35,17,1947,0,
845,2024-01-26,NK,6413,SMF,RDU,07:45,07:50,5,11:27,11:22,-5,1727,0,
846,2024-01-26,OH,4899,TUS,DFW,17:00,17:06,6,21:08,21:07,-1,2006,0,
847,2024-01-26,OH,1931,FLL,CMH,10:30,10:22,-8,11:30,11:20,-10,423,0,
848,2024-01-26,SY,7607,BUF,DEN,20:15,20:28,13,00:30,00:47,17,1965,0,
849,2024-01-26,HA,685,BWI,SAT,09:15,10:19,64,14:48,15:51,63,2697,0,
850,2024-01-26,MX,5092,EWR,CVG,20:45,20:45,0,00:00,00:02,2,1471,0,
851,2024-01-26,WN,9655,LAX,PHL,14:15,14:31,16,16:36,16:57,21,1153,0,
852,2024-01-26,UA,2653,SAN,OMA,23:30,23:39,9,01:09,01:13,4,796,0,
853,2024-01-26,NK,1160,ATL,RIC,15:15,15:15,0,18:00,17:56,-4,1283,0,
854,2024-01-26,F9,299,IND,JAX,21:15,21:15,0,23:57,23:57,0,1176,0,
855,2024-01-26,AS,8910,PIT,SJC,07:00,07:00,0,11:56,12:06,10,2313,0,
856,2024-01-26,WN,7572,BUF,TUS,10:00,10:00,0,13:23,13:15,-8,1564,0,
857,2024-01-26,UA,1097,SMF,SLC,11:15,11:19,4,16:00,15:55,-5,2266,0,
858,2024-01-26,SY,7936,DEN,DTW,08:45,08:47,2,09:50,09:57,7,490,0,
859,2024-01-26,AA,1927,CVG,BNA,19:15,19:12,-3,23:49,23:49,0,2125,0,
860,2024-01-26,F9,5484,MKE,MSP,21:45,21:45,0,00:16,00:16,0,1272,0,
861,2024-01-26,G4,7309,CLE,SLC,08:15,08:23,8,13:19,13:19,0,2512,0,
862,2024-01-26,SY,7361,SLC,SFO,15:15,15:15,0,20:28,20:28,0,2556,0,
863,2024-01-26,F9,5016,SFO,BUF,11:15,11:41,26,16:19,16:40,21,2402,0,
864,2024-01-26,G4,9852,RDU,OMA,18:30,18:30,0,19:30,19:31,1,231,0,
865,2024-01-26,B6,7068,AUS,SLC,23:45,23:45,0,02:16,02:26,10,1244,0,
866,2024-01-26,F9,3413,BWI,LAX,11:30,11:35,5,14:44,14:56,12,1595,0,
867,2024-01-26,WN,8340,DTW,MKE,19:30,19:30,0,21:14,21:22,8,717,0,
868,2024-01-26,AA,8079,OMA,PDX,12:30,12:30,0,17:02,17:09,7,2239,0,
869,2024-01-26,YX,7830,IAD,SEA,09:00,11:46,166,13:19,16:13,174,2124,0,
870,2024-01-26,DL,5471,AUS,LGA,23:30,23:39,9,00:52,00:53,1,589,0,
871,2024-01-26,MX,5243,ABQ,MEM,16:45,16:57,12,21:59,22:11,12,2545,0,
872,2024-01-26,MX,9989,FLL,BWI,05:15,05:15,0,07:24,07:15,-9,958,0,
873,2024-01-26,AA,365,CLE,TPA,23:45,00:33,48,02:45,03:41,56,1494,0,
874,2024-01-26,DL,9361,OKC,DEN,07:00,07:26,26,10:50,11:20,30,1816,0,
875,2024-01-26,WN,7160,MEM,DEN,13:45,13:45,0,18:38,18:42,4,2391,0,
876,2024-01-26,MX,451,OKC,BNA,17:30,17:30,0,18:30,18:33,3,407,0,
877,2024-01-26,OH,5451,PHL,CMH,22:45,22:44,-1,00:17,00:12,-5,826,0,
878,2024-01-27,AS,529,MSP,SFO,22:00,21:55,-5,00:41,00:36,-5,1199,0,
879,2024-01-27,SY,5063,DTW,BOS,10:45,11:15,30,13:12,13:46,34,1265,0,
880,2024-01-27,NK,3517,LAX,OAK,17:00,17:00,0,22:01,21:54,-7,2387,0,
881,2024-01-27,UA,8562,CLE,CMH,08:15,08:44,29,11:26,11:55,29,1471,0,
882,2024-01-27,WN,5995,JFK,SMF,20:30,20:30,0,23:18,23:11,-7,1368,0,
883,2024-01-27,AS,5026,DEN,AUS,12:00,14:44,164,17:32,20:14,162,2538,0,
884,2024-01-27,YX,2405,MDW,ORD,12:15,12:15,0,14:25,14:16,-9,968,0,
885,2024-01-27,QX,4901,DTW,MEM,16:45,16:45,0,18:50,18:44,-6,887,0,
886,2024-01-27,QX,6081,OMA,MSP,08:15,08:16,1,11:46,11:45,-1,1582,0,
887,2024-01-27,AA,566,LAX,SAN,20:00,20:00,0,23:35,23:44,9,1655,0,
888,2024-01-27,UA,344,EWR,SFO,16:15,16:06,-9,19:52,19:50,-2,1752,0,
889,2024-01-27,OH,111,CMH,JAX,14:45,14:53,8,19:02,19:19,17,1938,0,
890,2024-01-27,DL,9459,RDU,CLE,11:15,11:15,0,12:16,12:09,-7,424,0,
891,2024-01-27,AS,4192,SAT,SFO,12:30,13:28,58,18:09,19:15,66,2668,0,
892,2024-01-27,HA,5473,BWI,LAS,18:30,18:55,25,22:25,22:41,16,1841,0,
893,2024-01-27,UA,658,ATL,EWR,12:15,12:22,7,17:33,17:50,17,2618,0,
894,2024-01-27,HA,3619,HNL,OAK,19:30,19:39,9,22:09,22:18,9,1161,0,
895,2024-01-27,YX,5686,MSP,BWI,20:45,21:07,22,01:42,02:05,23,2483,0,
896,2024-01-27,AA,1649,SJC,LAS,12:45,13:08,23,18:26,18:50,24,2637,0,
897,2024-01-27,NK,8369,PIT,JFK,10:45,11:33,48,15:06,15:44,38,2019,0,
898,2024-01-27,MX,9945,SAN,SJC,09:00,09:00,0,10:00,10:01,1,318,0,
899,2024-01-27,SY,3807,EWR,JAX,09:45,09:35,-10,10:45,10:37,-8,300,0,
900,2024-01-27,NK,5374,RDU,OAK,09:30,09:31,1,13:31,13:41,10,1818,0,
901,2024-01-27,DL,2398,DFW,BNA,09:45,09:45,0,10:58,11:01,3,550,0,
902,2024-01-27,WN,1255,LGA,TPA,12:30,12:29,-1,17:51,17:54,3,2641,0,
903,2024-01-27,AS,276,MEM,MDW,08:30,08:39,9,11:40,11:42,2,1572,0,
904,2024-01-27,HA,1253,OAK,MCO,15:30,15:30,0,16:51,16:59,8,670,0,
905,2024-01-27,MX,4869,BUF,MCI,12:00,12:00,0,15:47,15:50,3,1728,0,
906,2024-01-27,SY,4619,SFO,IAD,13:30,13:24,-6,18:44,18:31,-13,2635,0,
907,2024-01-27,F9,8209,LGA,CMH,12:45,12:56,11,13:45,14:05,20,270,0,
908,2024-01-27,YX,789,OMA,PDX,08:00,08:00,0,12:37,12:39,2,2239,0,
909,2024-01-28,B6,7648,JAX,AUS,23:00,23:07,7,00:00,00:15,15,426,0,
910,2024-01-28,SY,4888,IAH,SFO,18:00,18:00,0,22:40,22:37,-3,2279,0,
911,2024-01-28,QX,7607,DFW,IAH,13:15,13:19,4,16:26,16:31,5,1459,0,
912,2024-01-28,UA,5568,MCI,JFK,16:15,16:21,6,20:07,20:18,11,1826,0,
913,2024-01-28,QX,4436,PDX,BOS,20:30,21:14,44,23:28,00:02,34,1465,0,
914,2024-01-28,HA,9282,SLC,SMF,14:15,14:15,0,19:00,19:09,9,2229,0,
915,2024-01-28,SY,2488,HNL,FLL,15:30,15:30,0,16:31,16:39,8,458,0,
916,2024-01-28,B6,768,PHL,OAK,12:15,12:15,0,16:51,16:48,-3,2272,0,
917,2024-01-28,QX,303,DTW,MCO,14:15,14:16,1,18:39,18:36,-3,2091,0,
918,2024-01-28,OH,6647,SMF,CMH,23:45,00:17,32,05:31,06:04,33,2784,0,
919,2024-01-28,YX,8953,LGA,IAH,16:00,16:24,24,19:08,19:25,17,1594,0,
920,2024-01-28,QX,7894,CLE,TUS,22:30,23:24,54,23:52,00:43,51,569,0,
921,2024-01-28,HA,7274,DFW,RDU,20:45,20:47,2,01:55,01:58,3,2381,0,
922,2024-01-28,MX,5906,MCO,DEN,07:30,08:02,32,10:15,10:41,26,1343,0,
923,2024-01-28,WN,5176,OMA,AUS,22:30,22:28,-2,01:38,01:43,5,1437,0,
924,2024-01-28,HA,967,MDW,ATL,16:00,16:13,13,20:04,20:13,9,1892,0,
925,2024-01-28,HA,3069,MEM,MSP,05:45,05:45,0,10:26,10:28,2,2229,0,
926,2024-01-28,NK,2369,BUF,RDU,15:15,15:50,35,19:01,19:28,27,1813,0,
927,2024-01-28,NK,5854,BOS,LGA,07:30,07:30,0,12:18,12:25,7,2422,0,
928,2024-01-28,B6,128,SFO,MSP,21:00,21:00,0,22:02,22:03,1,478,0,
929,2024-01-28,UA,8262,BOS,JAX,10:15,10:21,6,11:15,11:25,10,318,0,
930,2024-01-28,YX,2538,MSP,SMF,19:00,22:00,180,20:56,23:55,179,851,0,
931,2024-01-28,DL,3055,SAN,BUF,23:15,23:30,15,04:25,04:40,15,2375,0,
932,2024-01-28,YX,6470,OMA,PIT,19:00,19:00,0,20:00,20:05,5,445,0,
933,2024-01-28,NK,1060,ORD,TPA,20:00,19:55,-5,21:46,21:48,2,826,0,
934,2024-01-28,QX,3392,SJC,OMA,14:30,14:30,0,19:58,20:00,2,2646,0,
935,2024-01-28,DL,8148,MCI,LAX,08:30,08:30,0,13:20,13:11,-9,2249,0,
936,2024-01-28,AA,5131,BOS,JFK,23:15,23:26,11,01:12,01:22,10,817,0,
937,2024-01-29,G4,7207,DFW,BUF,21:15,21:05,-10,01:03,00:48,-15,1834,0,
938,2024-01-29,MX,3435,MDW,DEN,20:15,20:15,0,23:36,23:29,-7,1681,0,
939,2024-01-29,AA,5519,LGA,RIC,10:45,10:45,0,13:18,13:15,-3,1196,0,
940,2024-01-29,AS,9447,BNA,BUF,14:15,14:30,15,17:53,18:11,18,1760,0,
941,2024-01-29,OH,4252,BOS,CLE,05:45,05:45,0,10:32,10:42,10,2404,0,
942,2024-01-29,UA,3104,MCI,DEN,22:30,22:30,0,23:30,23:38,8,495,0,
943,2024-01-29,QX,3411,SEA,STL,07:45,07:49,4,10:53,10:54,1,1604,0,
944,2024-01-29,NK,1204,MSP,JFK,12:45,12:55,10,16:40,16:56,16,1836,0,
945,2024-01-29,WN,5308,DTW,OKC,06:00,05:54,-6,09:32,09:22,-10,1710,0,
946,2024-01-29,AA,2608,HNL,PDX,14:00,14:00,0,16:45,16:49,4,1446,0,
947,2024-01-29,WN,4815,CMH,SMF,22:15,22:15,0,00:13,00:19,6,965,0,
948,2024-01-29,HA,5370,TUS,EWR,16:00,16:00,0,20:44,20:35,-9,2255,0,
949,2024-01-29,QX,3778,IND,SEA,06:00,05:57,-3,09:36,09:42,6,1781,0,
950,2024-01-29,YX,8137,OKC,LGA,13:30,13:41,11,15:36,15:41,5,1076,0,
951,2024-01-29,MX,4314,MSP,HNL,10:30,10:30,0,15:57,16:04,7,2638,0,
952,2024-01-29,NK,5882,LAS,JAX,11:45,11:52,7,13:51,13:59,8,1017,0,
953,2024-01-29,SY,8782,HNL,LAS,11:15,11:08,-7,13:35,13:32,-3,1157,0,
954,2024-01-29,QX,5128,STL,TPA,11:45,11:48,3,12:58,13:10,12,481,0,
955,2024-01-29,WN,9138,DTW,SAN,10:45,10:37,-8,14:52,14:40,-12,1926,0,
956,2024-01-29,SY,9330,MSP,IAD,09:45,09:45,0,12:29,12:23,-6,1220,0,
957,2024-01-29,F9,8793,MDW,MKE,06:00,06:00,0,10:27,10:19,-8,2176,0,
958,2024-01-29,YX,2567,SAN,BOS,11:30,11:29,-1,16:41,16:44,3,2385,0,
959,2024-01-29,MX,5068,MSP,SLC,08:15,08:15,0,09:40,09:35,-5,697,0,
960,2024-01-29,SY,4707,RDU,ABQ,12:00,12:00,0,13:43,13:45,2,919,0,
961,2024-01-29,F9,9703,EWR,LAX,16:45,18:09,84,19:56,21:28,92,1411,0,
962,2024-01-29,B6,1228,JFK,PDX,10:15,10:11,-4,12:43,12:35,-8,1075,0,
963,2024-01-29,B6,1461,IAD,TUS,16:45,16:46,1,22:12,22:11,-1,2649,0,
964,2024-01-29,AS,8121,SMF,LAX,15:15,15:15,0,18:51,18:42,-9,1774,0,
965,2024-01-29,QX,1414,OMA,OAK,15:00,15:00,0,19:23,19:28,5,2178,0,
966,2024-01-29,AA,4528,BUF,RIC,17:30,17:36,6,18:30,18:37,7,359,0,
967,2024-01-29,G4,4714,BOS,CLE,13:00,13:44,44,18:12,19:02,50,2404,0,
968,2024-01-29,AA,4080,LAS,SFO,07:15,,,12:50,,,2585,1,A
969,2024-01-29,MX,1253,IAH,MKE,09:45,09:56,11,11:21,11:26,5,717,0,
970,2024-01-30,UA,1600,JFK,TUS,05:45,05:45,0,06:45,06:45,0,434,0,
971,2024-01-30,WN,8215,RDU,BOS,10:45,10:50,5,16:05,16:02,-3,2686,0,
972,2024-01-30,WN,8980,FLL,MCO,23:15,23:15,0,01:57,01:54,-3,1229,0,
973,2024-01-30,SY,9955,CVG,IAD,18:30,19:13,43,21:44,22:37,53,1677,0,
974,2024-01-30,SY,2742,FLL,SLC,07:00,,,09:02,,,1086,1,C
975,2024-01-30,SY,9736,JFK,IAH,16:00,16:10,10,19:49,20:04,15,1864,0,
976,2024-01-30,F9,3217,MDW,PIT,12:15,12:16,1,16:50,16:53,3,2241,0,
977,2024-01-30,YX,2601,OAK,AUS,09:45,10:02,17,11:54,12:21,27,943,0,
978,2024-01-30,B6,2930,ATL,AUS,09:15,,,10:15,,,226,1,B
979,2024-01-30,UA,4649,SLC,IND,12:15,12:23,8,17:21,17:20,-1,2453,0,
980,2024-01-30,DL,7910,DEN,IAH,14:15,14:19,4,19:18,19:21,3,2305,0,
981,2024-01-30,B6,7128,MKE,SLC,08:15,08:49,34,09:38,10:20,42,702,0,
982,2024-01-30,DL,6162,LAX,OAK,18:15,18:08,-7,23:18,23:16,-2,2387,0,
983,2024-01-30,G4,5524,IAH,CVG,11:15,12:11,56,12:49,13:42,53,823,0,
984,2024-01-30,F9,8471,LAX,IAH,08:45,08:45,0,12:18,12:27,9,1716,0,
985,2024-01-30,MX,7464,BWI,DEN,17:15,17:15,0,19:49,19:46,-3,1234,0,
986,2024-01-30,AA,8006,MDW,TPA,22:15,22:12,-3,00:14,00:18,4,848,0,
987,2024-01-30,QX,9890,JAX,BOS,08:30,08:42,12,13:43,13:52,9,2554,0,
988,2024-01-30,NK,4985,BUF,ATL,13:15,13:18,3,15:53,15:57,4,1370,0,
989,2024-01-30,YX,6359,MCO,OAK,22:15,22:15,0,00:16,00:14,-2,978,0,
990,2024-01-30,HA,2768,OAK,IAD,23:15,00:31,76,00:15,01:32,77,307,0,
991,2024-01-30,OH,9113,TUS,PDX,05:45,05:45,0,10:10,10:09,-1,2082,0,
992,2024-01-30,QX,8483,IND,ORD,06:15,06:15,0,07:15,07:10,-5,418,0,
993,2024-01-30,WN,5950,JFK,PDX,15:00,15:07,7,17:00,17:13,13,1075,0,
994,2024-01-30,QX,2639,HNL,ABQ,22:00,22:00,0,23:00,22:57,-3,334,0,
995,2024-01-30,SY,959,PIT,LAX,12:45,12:38,-7,13:45,13:38,-7,378,0,
996,2024-01-30,QX,6584,MKE,RIC,05:30,05:38,8,09:58,10:14,16,2223,0,
997,2024-01-30,WN,217,CVG,MCI,16:00,16:00,0,18:36,18:26,-10,1238,0,
998,2024-01-30,MX,4452,SAT,IAD,22:30,23:10,40,23:30,00:06,36,507,0,
999,2024-01-31,NK,4775,SEA,OMA,19:00,19:54,54,21:29,22:16,47,1272,0,
1000,2024-01-31,QX,3468,SFO,MEM,11:30,13:57,147,12:58,15:29,151,742,0,
1001,2024-01-31,SY,4234,PHL,CVG,11:00,12:28,88,15:20,16:50,90,2083,0,
1002,2024-01-31,F9,2807,HNL,SAT,20:45,20:45,0,00:55,00:45,-10,1899,0,
1003,2024-01-31,HA,4593,DFW,ATL,05:30,05:29,-1,07:12,07:12,0,931,0,
1004,2024-01-31,WN,6208,BNA,MEM,07:30,08:27,57,11:41,12:32,51,2058,0,
1005,2024-01-31,YX,597,DTW,SEA,20:15,20:16,1,00:26,00:34,8,1955,0,
1006,2024-01-31,AA,7959,BUF,IND,07:15,07:15,0,09:19,09:23,4,1015,0,
1007,2024-01-31,AA,1132,IND,ORD,13:30,13:30,0,14:37,14:33,-4,418,0,
1008,2024-01-31,F9,822,ATL,OMA,23:45,00:45,60,05:13,06:14,61,2672,0,
1009,2024-01-31,B6,9022,OAK,MCI,10:30,10:41,11,15:52,16:13,21,2519,0,
1010,2024-01-31,UA,6196,CVG,HNL,19:30,19:43,13,20:30,20:46,16,283,0,
1011,2024-01-31,AS,5976,LAS,SAN,19:45,22:36,171,23:39,02:40,181,1864,0,
1012,2024-01-31,B6,2712,SJC,JAX,23:15,23:15,0,01:00,00:53,-7,736,0,
1013,2024-01-31,G4,1800,ORD,SJC,23:00,23:51,51,01:33,02:17,44,1229,0,
1014,2024-01-31,OH,6571,TPA,IND,21:45,21:49,4,01:05,01:19,14,1670,0,
1015,2024-01-31,UA,109,BUF,BOS,21:00,21:08,8,22:00,22:10,10,409,0,
1016,2024-01-31,WN,1682,SJC,JAX,11:00,11:00,0,12:19,12:17,-2,736,0,
1017,2024-01-31,DL,6702,BNA,SAN,05:30,05:30,0,06:30,06:35,5,327,0,
1018,2024-01-31,HA,8150,ORD,BUF,06:45,07:23,38,08:39,09:24,45,847,0,
1019,2024-01-31,NK,5851,BUF,CVG,20:00,20:07,7,01:20,01:19,-1,2667,0,
1020,2024-01-31,OH,1640,ABQ,MKE,19:45,19:44,-1,00:33,00:31,-2,2347,0,
1021,2024-01-31,MX,6827,AUS,DTW,08:00,07:50,-10,11:36,11:32,-4,1833,0,
1022,2024-01-31,AS,6459,BUF,IND,22:00,22:05,5,00:00,00:00,0,1015,0,
1023,2024-01-31,HA,1896,IAH,AUS,09:00,09:00,0,14:26,14:28,2,2542,0,
1024,2024-01-31,UA,9661,PHL,SAN,20:15,20:15,0,01:18,01:27,9,2518,0,
1025,2024-01-31,F9,7144,MCI,TPA,05:30,05:41,11,11:09,11:27,18,2731,0,
1026,2024-01-31,DL,4405,DEN,SFO,16:45,16:38,-7,17:45,17:28,-17,286,0,
1027,2024-01-31,HA,3319,MSP,RIC,19:30,19:21,-9,22:18,22:12,-6,1324,0,
1028,2024-01-31,AA,2514,PHL,BOS,14:15,14:15,0,16:31,16:21,-10,1012,0,
1029,2024-01-31,SY,8792,BWI,CMH,05:30,07:11,101,06:30,08:16,106,446,0,
1030,2024-01-31,WN,6454,SFO,BOS,22:00,22:00,0,00:25,00:31,6,1163,0,
